证券代码,企业名称,会计区间,速动比率 x1,利息保障倍数 x2,权益乘数 x3,固定资产周转率 x4,总资产周转率 x5,长期资本收益率 x6,营业利润率 x7,净利润现金含量 x8,总资产增长率 x9,FAIL
670,1,2010/12/31,2.996985,1.649615,1.174985,19.371283,0.185497,0.023018,0.187215,1.562567,0.142034,3
670,1,2011/12/31,2.131704,2.58792,1.423915,88.659984,0.303519,-0.020043,-0.17094,-5.692714,0.054209,2
670,1,2012/12/31,3.492352,3.526225,1.280372,14.023522,0.499674,-0.042469,0.061843,-13.344642,0.013788,1
820,1,2008/12/31,0.224301,-3.551418,11.955768,0.740643,0.36143,-0.085814,-0.326525,0.621569,-0.009981,3
820,1,2009/12/31,0.201361,-2.845415,329.412076,0.154672,0.049414,0.095932,-0.23349,-0.22191,-0.029362,2
820,1,2010/12/31,0.124682,-14.293822,-1.879321,0.270075,0.083574,-0.580436,-0.31192,0.069299,-0.206866,1
2333,1,2010/3/31,8.791671,19.724373,1.138508,0.41425,0.110555,0.155212,0.124719,0.881091,0,1
2336,1,2009/12/31,0.695834,37.811139,3.377374,6.335158,0.882536,0.092195,-0.020499,4.466569,0,1
2356,1,2009/12/31,1.478688,9.408328,1.645994,3.089144,0.211192,-0.007739,-0.162118,-70.193295,0,1
2359,1,2009/12/31,1.146034,10.815336,2.274393,0.725044,0.241576,-0.002316,-0.165838,-8.132012,0,1
2420,1,2010/12/31,1.959793,7.064041,1.480159,1.804678,0.507957,0.065346,0.08218,-8.916446,0,1
2427,1,2010/12/31,7.074963,124.701791,1.109486,4.493147,0.48223,0.060242,0.10101,-3.938439,0,1
2445,1,2010/12/31,3.33187,25.801505,1.285335,5.797474,0.713938,0.076981,0.056758,5.093514,0,1
2450,1,2010/12/31,3.568385,9.737075,1.265464,3.376408,0.556996,0.01232,-0.00107,4.574683,0,1
2477,1,2010/12/31,5.158599,9.213189,1.145047,1.643761,0.090301,0.384925,387.712196,-0.673862,0,1
2499,1,2010/12/31,3.816251,31.697929,1.263801,0.46201,0.118614,0.04301,-0.021324,0.434584,0,1
2501,1,2010/12/31,2.728585,3.939921,1.68678,3.418152,0.424204,0.044901,0.135093,1.133379,0,1
2569,1,2011/12/31,1.819494,61.47335,1.516556,16.17972,0.469262,0.058953,0.084995,-7.623511,0,1
2586,1,2011/12/31,1.405743,9.272162,2.128732,1.7733,0.4425,0.073972,0.060036,-7.213635,0,1
2604,1,2011/12/31,4.555412,7.165322,1.237495,0.836078,0.106165,0.083236,0.045762,0.865574,0,1
2629,1,2011/12/31,2.620043,37.760402,1.471095,1.796056,0.180438,0.049418,0.091742,-0.134243,0,1
2642,1,2011/12/31,3.455095,18.248809,1.31505,0.851055,0.130828,-0.090649,-0.584758,-7.186918,0,1
2680,1,2012/12/31,5.014873,46.526912,1.14878,11.112069,1.160003,0.130046,0.234938,0.788335,0,1
2684,1,2012/6/30,2.359141,5.530601,1.529147,3.88225,0.41073,-0.001497,0.027586,-1.845579,0,1
2692,1,2012/9/30,1.855565,4.822946,1.604781,1.23328,0.124205,0.001953,-0.005344,-0.435858,0,1
2711,1,2013/12/31,1.358521,7.431848,1.629781,0.178138,0.10874,0.169289,0.058995,-3.025619,0,1
2766,1,2015/6/30,1.821902,5.126239,1.553515,0.285017,0.132683,0.072978,0.466739,0.877178,0.348725,1
600003,1,2007/12/31,1.026159,9.205439,1.274106,0.162155,0.074717,0.0663,0.50255,0.410685,-0.058434,3
600003,1,2008/12/31,1.482947,9.623197,1.280805,0.561873,0.154821,0.003435,0.024835,1.52888,0.041643,2
600003,1,2009/12/31,0.979306,9.623197,1.301712,0.236012,0.040663,0.062051,0.50195,1.663903,0.082917,1
600385,1,2010/12/31,0.000947,-0.79192,-0.212149,0.005153,0.002036,-8.743368,-9.426097,1.641512,-0.040229,3
600385,1,2011/12/31,0.001497,-1.185136,-0.157327,0.006844,0.004033,-4.202724,-2.772341,-0.344333,-0.197296,2
600385,1,2012/12/31,0.002198,-0.326737,-0.137855,0.075972,0.005687,0.330792,-3.919606,-1.75723,-0.136526,1
600556,1,2010/12/31,0.308217,-2307.719702,-0.578009,4.41742,0.023996,-0.05903,-17.780995,-11.009453,-0.539707,3
600556,1,2011/12/31,0.363319,-2307.719702,-0.770224,16.520042,0.043676,-0.05903,-0.411377,-0.125127,-0.068673,2
600556,1,2012/12/31,0.422634,-2307.719702,-1.394126,11.474237,0.031934,-0.05903,0.131581,-0.249791,0.339041,1
600591,1,2007/12/31,0.210183,-4.800246,7.047461,1.003462,0.145246,0.01293,-0.012119,-9.476201,0.117058,3
600591,1,2008/12/31,0.243054,-10.00098,36.695934,1.416415,0.056668,-0.061324,-0.053896,1.607604,0.090074,2
600591,1,2009/9/30,0.315403,0.088196,14.494856,5.070895,0.282656,0.027455,-0.100275,-6.553722,0.13025,1
600634,1,2008/12/31,4.158118,2.064677,1.234068,17.448446,0.50122,0.011436,-0.030231,8.889618,-0.001988,3
600634,1,2009/12/31,0.065563,-13.561871,1.413701,14.037743,0.378827,-0.005368,-1.885353,6.249464,-0.199736,2
600634,1,2010/12/31,1.254845,-819.637775,1.561792,14.217504,0.371359,-0.018688,0.034801,8.54463,-0.006907,1
600680,1,2015/12/31,0.6896,-1.4047,2.5499,10.9951224,0.393763035,-0.039816439,-10.2844,1.702454425,-0.4483,3
600680,1,2016/12/31,0.7183,-10.3417,3.3417,6.96223713,0.260271718,-0.373812245,-68.9284,-0.017795005,-0.139154,2
600680,1,2017/12/31,0.2652,-3.5197,5.4688,7.758003201,0.308203972,-0.1600201,-52.7814,0.007798271,-0.214364,1
600698,1,2009/12/31,0.257595,-2.961557,3.547534,0.027445,0.007528,-0.039852,-0.035314,-7.195235,-0.249448,3
600698,1,2010/12/31,0.662604,-0.059787,2.60903,0.047669,0.033867,0.042388,-0.131594,-8.114302,-0.009647,2
600698,1,2011/12/31,0.340591,-5.47702,7.890808,0.076323,0.060517,-0.142893,-0.137764,-0.184176,-0.1326,1
600732,1,2013/12/31,1.424452,-4.265711,1.423682,8.42242,0.277321,-0.007515,-0.55635,0.500769,-0.145876,3
600732,1,2014/12/31,1.23764,-0.780854,1.651464,4009.258412,4.145874,0.023629,0.02409,-2.941218,0.125671,2
600732,1,2015/12/31,1.132124,-2.769243,1.971288,11.033318,0.264831,-0.020691,-0.393831,-0.980969,0.157392,1
600817,1,2007/12/31,0.40756,13.04903,2.726951,47.159351,0.174437,0.133134,0.004213,-2.470452,-0.212273,3
600817,1,2008/12/31,0.076372,-99.729446,-1.880536,25.847546,0.081089,-4.642837,-25.076924,-2.470452,-0.248027,2
600817,1,2009/12/31,0.001138,-77.095355,-0.242938,3.285077,0.41022,-4.468027,-0.417507,-0.063919,-0.183941,1
601558,1,2010/12/31,0.7294,58.2872,5.9676,35.01096824,0.710032853,1.91205218,15.4157,-0.355911648,0.681626,1
601798,1,2011/12/31,2.636,8.2496,1.5021,2.301688708,0.316141432,0.254622926,18.6271,-0.961613126,0.647988,1
600006,东风汽车股份有限公司,42369,1.0922,35.6649,2.4802,5.299005993,0.834664057,0.042212019,1.1366,1.28553316,4.0057,0
600066,郑州宇通客车股份有限公司,42735,1.2544,124.7651,2.5699,7.900638597,1.019817091,0.613494395,12.2546,0.861053009,16.6384,0
600066,郑州宇通客车股份有限公司,43100,1.3058,13.2842,2.3174,8.341424111,0.918611254,0.472633261,10.8409,-0.552098224,2.8777,0
600066,郑州宇通客车股份有限公司,43465,1.3578,14.5184,2.1961,8.326030722,0.862681833,0.325123762,7.7742,1.107132753,1.752,0
600081,东风电子科技股份有限公司,40543,0.8981,15.8585,2.5671,7.563920735,1.378783159,0.415923613,10.7654,0.312572368,28.7873,0
600081,东风电子科技股份有限公司,40908,0.8289,12.2433,2.3973,6.345469643,1.266134914,0.270006116,7.7022,1.196877842,22.0155,0
600081,东风电子科技股份有限公司,41274,0.837,10.6272,2.0359,5.308268246,1.322651124,0.226032696,7.3223,2.054119217,-9.2998,0
600081,东风电子科技股份有限公司,41639,0.8114,16.0191,2.3935,6.242798656,1.16911916,0.224207386,7.8388,0.997254215,42.4164,0
600081,东风电子科技股份有限公司,42004,0.7975,27.6443,2.9352,5.058209551,1.155144104,0.287637401,6.2504,0.948978998,60.9277,0
600081,东风电子科技股份有限公司,42369,0.7794,24.1189,2.8095,4.280881861,1.12124881,0.185409173,6.2044,2.001766737,1.4112,0
600081,东风电子科技股份有限公司,42735,0.8463,30.3707,2.8506,4.536370823,1.103377538,0.155264186,5.1525,1.660427113,10.0337,0
600081,东风电子科技股份有限公司,43100,0.8812,35.578,3.0254,4.962786432,1.123341201,0.170928313,5.1531,2.192154499,14.7163,0
600081,东风电子科技股份有限公司,43465,0.9012,74.248,3.1146,5.269510594,1.138984782,0.168235692,5.3915,1.515175421,1.1013,0
600104,上海汽车集团股份有限公司,40543,0.9631,93.6384,2.7993,10.96672645,1.365505441,0.324981786,8.6176,1.093784392,65.6377,0
600104,上海汽车集团股份有限公司,40908,0.9967,1332.2804,2.3936,11.80368565,1.359229076,0.330226577,9.59,0.577580937,11.7836,0
600104,上海汽车集团股份有限公司,43100,0.8694,1393.9396,2.659,14.73513562,1.185816766,0.163089801,6.215,0.515770049,22.4853,0
600104,上海汽车集团股份有限公司,43465,0.952,162.7831,2.7493,12.82932645,1.133955539,0.165574619,5.9493,0.185429547,8.1871,0
600139,四川西部资源控股股份有限公司,40543,2.8452,230.5734,1.2528,2.666490355,0.356691471,0.613601321,65.2779,0.190490073,36.3732,0
600139,四川西部资源控股股份有限公司,41639,3.2813,-1.6664,1.6639,1.750207966,0.178615187,-0.014801164,-7.9211,-1.29252983,14.2556,0
600139,四川西部资源控股股份有限公司,42004,1.3016,2.3016,2.9571,0.811410863,0.07151005,0.014310172,2.1584,5.540409478,173.0951,0
600139,四川西部资源控股股份有限公司,42369,1.1387,-2.0561,4.2128,2.498089413,0.182650701,-0.033219962,-10.6481,-1.113185613,24.2598,0
600139,四川西部资源控股股份有限公司,42735,1.2565,-0.0556,3.7849,2.581377483,0.142217673,0.00993201,38.1707,1.148609448,-24.4207,0
600139,四川西部资源控股股份有限公司,43100,0.974,-12.6859,5.4447,0.929526656,0.058146185,-0.179106914,-96.2515,-0.096839556,-18.7423,0
600139,四川西部资源控股股份有限公司,43465,1.7949,1.0644,3.7821,8.52489882,0.052287233,0.026608754,12.8154,-42.64032516,-29.1348,0
600148,长春一东离合器股份有限公司,40543,0.9043,9.138,2.692,4.420528276,0.878895804,0.243497719,5.6719,0.945341724,29.0927,0
600148,长春一东离合器股份有限公司,40908,1.024,8.8919,2.5838,4.426167232,0.831848596,0.359973561,8.1236,-0.106467034,10.5487,0
600148,长春一东离合器股份有限公司,41274,1.0478,3.4608,2.3878,3.649079014,0.726118015,0.131360556,2.913,2.782670792,-8.054,0
600148,长春一东离合器股份有限公司,41639,1.1693,10.1361,2.2505,4.046800846,0.762805371,0.300160287,6.5282,1.100700942,5.4215,0
600148,长春一东离合器股份有限公司,42004,1.4908,17.6452,2.0498,3.720249302,0.757573451,0.329924652,8.78,1.043823639,0.8705,0
600148,长春一东离合器股份有限公司,42369,1.5351,5.5761,1.9937,2.76489241,0.610539918,0.058255041,1.4454,3.916106078,-5.2715,0
600148,长春一东离合器股份有限公司,42735,1.4325,24.7439,2.1566,2.641829686,0.640625619,0.122911567,5.0256,1.828904368,13.902,0
600166,北汽福田汽车股份有限公司,40543,0.686,41.4299,3.0567,13.07016557,2.170814006,0.22019366,3.2671,0.653512456,39.5538,0
600166,北汽福田汽车股份有限公司,40908,0.5594,8.2082,3.0929,6.468698858,1.836524327,0.105852994,1.8829,-0.455550517,14.1225,0
600166,北汽福田汽车股份有限公司,41274,0.9404,5.3867,2.1995,5.89714527,1.239774299,0.118542213,-2.329,-0.570066224,17.5224,0
600166,北汽福田汽车股份有限公司,42004,0.5474,3.9079,2.2318,3.453214903,0.971001149,0.027471662,-1.8748,2.403551053,6.5707,0
600166,北汽福田汽车股份有限公司,42369,0.7022,3.7012,2.2799,3.336185281,0.795207896,0.015830591,-2.503,1.374477708,23.2164,0
600166,北汽福田汽车股份有限公司,42735,0.7107,4.0737,2.8276,3.786052196,0.863088091,0.016644484,-1.25,2.327120624,26.1046,0
600166,北汽福田汽车股份有限公司,43100,0.6303,1.1095,3.2778,3.977225465,0.828430373,0.014462895,0.0106,-90.42191526,15.777,0
600166,北汽福田汽车股份有限公司,43465,0.8228,-3.6003,3.8715,4.295007513,0.696891662,-0.123020089,-9.1816,0.128510095,-5.6225,0
600178,哈尔滨东安汽车动力股份有限公司,40543,1.5807,11.5739,1.6098,4.630723766,0.636433731,0.089708618,5.4357,1.439272326,-7.5805,0
600178,哈尔滨东安汽车动力股份有限公司,40908,1.7285,5.4579,1.5575,3.517113882,0.422437074,0.024823518,2.0612,4.838326798,-1.7265,0
600178,哈尔滨东安汽车动力股份有限公司,41274,1.8427,-13.6578,1.6095,3.093654691,0.343511226,-0.032166661,-5.9336,-3.092370434,0.419,0
600178,哈尔滨东安汽车动力股份有限公司,41639,1.0672,-204.3404,1.7122,2.47106757,0.295389851,-0.29880221,-64.9678,0.282438717,-19.9777,0
600178,哈尔滨东安汽车动力股份有限公司,42004,0.9959,5.7016,1.6606,2.268941393,0.259471679,0.020544816,2.8055,-2.697894246,-1.0971,0
600178,哈尔滨东安汽车动力股份有限公司,42369,0.8883,3.4076,1.9565,3.761754027,0.368663802,0.017255244,1.4271,3.382519137,19.4545,0
600178,哈尔滨东安汽车动力股份有限公司,42735,0.8787,6.8395,2.3828,6.813855547,0.581863875,0.045327364,2.7344,-1.358220871,27.4789,0
600178,哈尔滨东安汽车动力股份有限公司,43100,0.7689,3.8006,2.0324,3.564284373,0.475005264,0.027252827,2.3154,1.454924235,-12.5659,0
600178,哈尔滨东安汽车动力股份有限公司,43465,0.6922,1.3977,1.8475,2.165744666,0.373976202,0.009174961,0.3852,38.2946726,-9.3395,0
600213,扬州亚星客车股份有限公司,40543,0.9041,2.6184,3.6161,4.303332203,0.839811299,0.056361805,-0.1309,1.359186341,6.6181,0
600213,扬州亚星客车股份有限公司,40908,0.8962,-31.3584,5.0711,9.711251582,0.896186994,-0.345639264,-8.9061,3.650820095,13.6603,0
600213,扬州亚星客车股份有限公司,41274,0.9678,2.718,6.3866,14.36686995,0.842500189,0.105231339,-1.9621,-15.56377335,30.8824,0
600213,扬州亚星客车股份有限公司,41639,0.8218,1.401,6.8511,6.382398448,0.66329997,0.057465305,-3.7492,-6.261772014,54.0926,0
600213,扬州亚星客车股份有限公司,42004,0.9843,-5.9753,17.8959,5.468153057,0.680244129,-0.340203129,-10.8811,2.095942126,18.8903,0
600213,扬州亚星客车股份有限公司,42369,1.042,1.5262,19.5208,7.832069144,0.749884077,0.179010188,0.7274,-11.83007096,24.1065,0
600213,扬州亚星客车股份有限公司,42735,0.9806,3.5305,22.7504,13.78327223,0.730882498,0.535774038,3.6231,-10.22702597,72.8668,0
600213,扬州亚星客车股份有限公司,43100,1.4437,2.013,18.1966,10.14961632,0.506222194,0.441747394,2.8598,-4.593286413,1.4787,0
600213,扬州亚星客车股份有限公司,43465,1.5567,1.2256,18.9876,11.05568114,0.46988538,0.402412093,0.9484,-22.8742608,10.9315,0
600303,辽宁曙光汽车集团股份有限公司,40543,0.9871,8.537,3.1062,4.546785114,0.918021238,0.160159635,5.1057,1.196318958,29.5567,0
600303,辽宁曙光汽车集团股份有限公司,40908,0.8323,4.3374,3.0711,4.552291875,0.814853861,0.090074012,2.9335,0.903313213,15.2322,0
600303,辽宁曙光汽车集团股份有限公司,41274,0.8229,3.1111,3.0052,2.612864566,0.691170078,0.087766949,-0.8598,1.750331816,5.368,0
600303,辽宁曙光汽车集团股份有限公司,41639,0.7165,-1.3481,3.288,2.188167454,0.637865462,-0.041182638,-8.539,0.804428337,-6.1559,0
600303,辽宁曙光汽车集团股份有限公司,42004,0.6289,1.5123,3.3113,1.699566282,0.484757891,0.049573986,-4.6169,8.425313573,10.3671,0
600303,辽宁曙光汽车集团股份有限公司,42369,0.781,2.3608,3.9929,1.957851364,0.438827228,0.054903742,-0.9434,-6.827918835,20.6887,0
600303,辽宁曙光汽车集团股份有限公司,42735,0.8444,1.9027,3.139,1.270165949,0.40123715,0.043866745,1.3958,-8.707123582,-7.7864,0
600303,辽宁曙光汽车集团股份有限公司,43100,0.9775,6.2779,2.3742,1.501855571,0.490989124,0.117325251,9.1968,1.504109016,-16.6945,0
600303,辽宁曙光汽车集团股份有限公司,43465,0.8815,-1.0686,2.1075,1.215231813,0.45550393,-0.007817544,-3.2926,0.159425843,-17.5113,0
600375,华菱星马汽车(集团)股份有限公司,40543,0.7709,55.0449,2.5103,10.64569034,1.936074505,0.74709775,7.8373,1.16830513,18.1172,0
600375,华菱星马汽车(集团)股份有限公司,40908,0.7537,23.4799,2.2049,5.400206913,1.155231542,0.293669144,8.1813,0.540099627,-5.409,0
600375,华菱星马汽车(集团)股份有限公司,41274,0.6369,5.7001,2.5426,2.056990411,0.647103617,0.07789654,2.0862,4.543143977,16.5768,0
600375,华菱星马汽车(集团)股份有限公司,41639,0.8282,6.6339,1.9914,2.157868754,0.78149888,0.090181227,3.5925,1.867082159,21.3783,0
600375,华菱星马汽车(集团)股份有限公司,42004,0.5499,-7.217,2.4179,1.532148979,0.566441444,-0.078344599,-9.3659,0.62805139,5.0938,0
600375,华菱星马汽车(集团)股份有限公司,42369,0.4673,-4.9621,3.2542,1.140577689,0.403486122,-0.135935305,-23.1922,-0.545965324,-0.4788,0
600375,华菱星马汽车(集团)股份有限公司,42735,0.5315,1.9503,3.5356,1.347860146,0.414377591,0.032331206,-6.5013,8.883044945,11.2431,0
600375,华菱星马汽车(集团)股份有限公司,43100,0.5187,1.8375,3.7608,2.007417375,0.56308224,0.028014626,1.308,0.70481694,8.9322,0
600375,华菱星马汽车(集团)股份有限公司,43465,0.6034,1.5302,4.3255,2.287129337,0.584079952,0.03099285,0.7266,-6.431956719,17.3449,0
600418,安徽江淮汽车集团股份有限公司,43465,0.8351,-320.4635,3.4603,3.80031946,1.054751742,-0.064875672,-3.0292,2.431187062,6.6978,0
600480,凌云工业股份有限公司,40543,1.4433,14.1115,1.7041,5.316280698,0.822169783,0.536837367,13.6096,0.564248335,59.1636,0
600480,凌云工业股份有限公司,40908,1.2322,7.333,2.0874,4.629427911,0.803402407,0.24883873,8.9347,0.484576672,20.0036,0
600480,凌云工业股份有限公司,41274,0.9983,3.464,2.3442,4.009142305,0.814230233,0.178372234,5.5751,2.062419048,12.3978,0
600480,凌云工业股份有限公司,41639,0.7609,3.3477,2.4408,3.943630906,0.845257683,0.150698152,4.6642,1.031747708,11.1292,0
600480,凌云工业股份有限公司,42004,0.9394,3.4915,2.5649,4.119499667,0.871732885,0.163725344,5.1745,2.690350246,12.8129,0
600480,凌云工业股份有限公司,42369,1.165,3.5731,2.0381,3.51609514,0.815379179,0.153477684,5.1765,1.834718973,18.1871,0
600480,凌云工业股份有限公司,42735,0.8363,5.8639,2.0796,4.072568595,0.888487637,0.139081305,5.261,1.464447136,12.7117,0
600480,凌云工业股份有限公司,43100,0.8661,7.5076,2.2157,4.940303707,0.999472978,0.163180197,5.8808,1.329239379,18.3388,0
600480,凌云工业股份有限公司,43465,0.9329,6.1207,2.2964,4.493181823,0.923001546,0.148925247,5.5133,0.618753953,12.0047,0
600501,航天晨光股份有限公司,40543,0.7688,3.9922,2.8531,3.484343038,0.760857816,0.086373092,3.2613,1.168241911,10.5339,0
600501,航天晨光股份有限公司,40908,0.7919,3.4017,3.0122,4.465714589,0.870909473,0.104871371,2.6434,-1.521249252,14.2876,0
600501,航天晨光股份有限公司,41274,0.691,1.783,3.0464,5.055864424,0.987386049,0.077029355,0.6056,1.673659856,2.0182,0
600501,航天晨光股份有限公司,41639,0.7145,1.8564,2.9381,4.800442443,0.932060602,0.073953203,0.9796,2.209060672,-0.3306,0
600501,航天晨光股份有限公司,42004,0.76,2.6423,2.8258,3.809949579,0.881888667,0.112738062,2.6642,1.176479526,1.7333,0
600501,航天晨光股份有限公司,42369,1.2323,1.8845,2.0245,3.592404652,0.670516312,0.060724654,1.1259,5.919407103,16.5499,0
600501,航天晨光股份有限公司,42735,1.2239,3.8566,1.9646,3.659360159,0.675007974,0.036413784,0.5948,2.251073346,-1.5933,0
600501,航天晨光股份有限公司,43100,1.1752,3.3824,1.9539,3.163943007,0.558430002,0.042691613,1.8462,12.55387846,0.0915,0
600501,航天晨光股份有限公司,43465,1.0402,-8.2862,1.9967,3.301447433,0.583416357,-0.081993644,-6.0413,-0.355042693,-4.4199,0
600523,贵州贵航汽车零部件股份有限公司,40543,1.4322,34.1252,1.5445,4.148632577,0.889252819,0.220505069,7.9494,0.683240641,13.3459,0
600523,贵州贵航汽车零部件股份有限公司,40908,1.3293,25.3354,1.619,4.639646599,0.922251832,0.225482244,7.2397,0.259015239,11.3557,0
600523,贵州贵航汽车零部件股份有限公司,41274,1.5825,14.8972,1.5923,4.431431922,0.925336279,0.167683047,5.8414,1.155602888,-2.0363,0
600523,贵州贵航汽车零部件股份有限公司,41639,1.4574,12.6306,1.7157,4.668120112,0.843776772,0.166372628,4.9299,0.063712309,14.1879,0
600523,贵州贵航汽车零部件股份有限公司,42004,1.1641,5.9543,1.8171,4.573767428,0.816708058,0.168846961,5.16,0.587026447,16.5035,0
600523,贵州贵航汽车零部件股份有限公司,42369,1.2948,8.0653,1.7177,4.672590157,0.849772472,0.179050955,5.7557,1.122480931,0.2832,0
600523,贵州贵航汽车零部件股份有限公司,42735,1.3753,11.7186,1.6256,5.251649909,0.889099483,0.20434851,5.7798,2.365923585,0.3681,0
600523,贵州贵航汽车零部件股份有限公司,43100,1.7142,2780.3823,1.4863,5.461619857,0.926898381,0.204622299,6.706,1.324221973,-3.2239,0
600609,金杯汽车股份有限公司,40543,0.7668,4.406,10.7413,11.88425665,0.949298865,0.565508225,4.2676,0.425577007,2.2326,0
600609,金杯汽车股份有限公司,40908,0.7372,1.6991,10.1744,11.33756979,0.864517477,0.215827448,2.2355,-0.985070889,10.0179,0
600609,金杯汽车股份有限公司,41274,0.7881,1.7995,11.563,6.190882317,0.695327427,0.177001338,1.6635,2.785477547,34.0187,0
600609,金杯汽车股份有限公司,41639,0.778,1.849,10.1672,6.879330255,0.752619768,0.170327764,1.094,3.924402645,4.1234,0
600609,金杯汽车股份有限公司,42004,0.8105,1.2703,14.0579,6.688497357,0.553983831,0.125509431,0.2759,-46.6352046,22.8235,0
600609,金杯汽车股份有限公司,42369,0.8669,2.9174,14.2606,5.169033805,0.461863421,0.182099754,2.5045,-2.49638147,8.0961,0
600609,金杯汽车股份有限公司,42735,0.8679,1.3863,17.0406,5.002698306,0.422289261,0.087950661,-3.2646,677.4654826,13.2239,0
600609,金杯汽车股份有限公司,43100,1.2216,2.7602,6.855,9.654770919,0.969964099,0.469507797,6.3766,1.478006114,-47.6768,0
600609,金杯汽车股份有限公司,43465,1.249,7.0608,6.8944,10.7392052,1.079383155,0.255534115,5.0232,6.170608919,-4.2952,0
600686,厦门金龙汽车集团股份有限公司,42004,1.0082,61.6164,4.1635,11.32176814,1.162863021,0.204363024,2.1607,0.234067264,14.5496,0
600686,厦门金龙汽车集团股份有限公司,42369,1.1143,105.4865,4.2494,14.89379959,1.057261462,0.341606116,4.3158,0.94341656,37.722,0
600686,厦门金龙汽车集团股份有限公司,42735,1.1439,-29.0945,5.6642,11.82208272,0.866535544,-0.610848258,-7.1952,0.906167414,-0.7549,0
600686,厦门金龙汽车集团股份有限公司,43100,1.238,13.7194,4.7366,9.747099927,0.706619928,0.356066764,4.63,-0.762902229,-0.3574,0
600686,厦门金龙汽车集团股份有限公司,43465,1.1826,2.9673,5.2027,10.33124549,0.708269737,0.068421985,1.0787,1.473184159,2.8858,0
600699,宁波均胜电子股份有限公司,40908,0.9151,19.3349,2.0512,3.889986694,1.068129903,0.392020061,14.2548,1.182842288,21.7538,0
600699,宁波均胜电子股份有限公司,41274,0.5646,7.2525,2.869,2.691237206,1.035892546,0.118651116,5.6012,2.432130024,14.3661,0
600699,宁波均胜电子股份有限公司,41639,0.6785,6.9806,2.4563,2.999534834,1.062281184,0.139909266,6.2222,2.168252754,11.0804,0
600699,宁波均胜电子股份有限公司,42004,0.7288,8.5265,2.5341,3.338891957,1.130669451,0.150298519,5.995,2.10960491,8.9322,0
600699,宁波均胜电子股份有限公司,42369,1.0438,6.0445,2.8693,3.286015084,0.708410655,0.15234812,6.3807,1.402654972,82.2818,0
600699,宁波均胜电子股份有限公司,42735,1.3196,2.6272,2.6893,3.325895737,0.498284399,0.071474651,4.0948,0.99753263,226.3327,0
600699,宁波均胜电子股份有限公司,43100,0.8744,2.8906,2.5801,4.233740745,0.752526298,0.074694195,3.9374,2.560266791,-5.0427,0
600699,宁波均胜电子股份有限公司,43465,0.9469,3.8294,3.2622,4.380817704,0.947079505,0.127251377,1.5229,1.398492211,67.7842,0
600733,北汽蓝谷新能源科技股份有限公司,43100,1.0844,3.6078,1.6405,2.608528103,0.09935932,0.120286673,12.6958,-7.658622562,3.6225,0
600733,北汽蓝谷新能源科技股份有限公司,43465,1.4273,3.4024,2.6657,3.71881886,0.379643129,0.023341382,0.8844,-24.63698463,51.9948,0
600741,华域汽车系统股份有限公司,42004,1.1506,146.4166,2.2176,10.12921187,1.169682982,0.267055097,9.1688,0.983626142,15.5604,0
600741,华域汽车系统股份有限公司,42369,1.0835,307.6407,2.3373,8.455246634,1.15929471,0.242389874,8.0805,0.845777977,24.2848,0
600742,长春一汽富维汽车零部件股份有限公司,40543,0.9473,79.1497,1.41,9.106613788,1.726536485,0.298971245,10.2601,0.272310003,56.8318,0
600742,长春一汽富维汽车零部件股份有限公司,40908,1.0736,74.6173,1.407,8.329400839,1.692420939,0.224358918,7.44,0.386143688,15.1985,0
600742,长春一汽富维汽车零部件股份有限公司,41274,0.8538,56.1611,1.4277,8.088627684,1.604268361,0.161856969,6.0271,1.019880591,15.9959,0
600742,长春一汽富维汽车零部件股份有限公司,41639,0.7744,78.3116,1.5476,7.713746411,1.660995609,0.134859661,4.7084,0.566346897,19.1839,0
600742,长春一汽富维汽车零部件股份有限公司,42004,0.8954,78.2434,1.5377,7.822632131,1.733627303,0.170029073,5.6641,0.499223218,14.0228,0
600742,长春一汽富维汽车零部件股份有限公司,42369,1.0086,69.608,1.5812,6.787602576,1.384122787,0.127460815,4.9067,0.897189664,9.5881,0
600742,长春一汽富维汽车零部件股份有限公司,42735,1.1789,443.8286,1.706,7.397928473,1.434516737,0.156791225,4.6263,1.676707745,17.3118,0
600960,渤海汽车系统股份有限公司,40543,1.0039,3.5177,2.5737,2.661274081,0.85186354,0.301951686,9.5376,2.339060998,4.7741,0
600960,渤海汽车系统股份有限公司,40908,1.2128,3.5475,2.2537,2.894347972,0.907560969,0.259768147,6.362,2.366827626,-3.144,0
600960,渤海汽车系统股份有限公司,41274,1.03,1.9099,2.2095,2.268129948,0.690972658,0.138797013,3.139,6.697869532,1.8423,0
600960,渤海汽车系统股份有限公司,41639,1.1716,2.3708,2.1244,2.175286643,0.61100196,0.175885571,5.1933,3.030945417,2.34,0
600960,渤海汽车系统股份有限公司,42004,2.043,3.6115,1.4311,1.552805714,0.395480679,0.160455861,4.1409,1.68269998,41.768,0
600960,渤海汽车系统股份有限公司,42369,2.3984,1.479,1.4379,1.264278836,0.341415135,0.037266031,0.5598,12.70192591,0.7331,0
600960,渤海汽车系统股份有限公司,42735,1.6358,4.6162,1.5399,1.171524379,0.264155967,0.063131353,12.8116,1.399944314,88.2087,0
600960,渤海汽车系统股份有限公司,43100,1.83,9.1053,1.4399,1.550269256,0.368444545,0.101424241,11.7174,-0.245341432,1.2766,0
600960,渤海汽车系统股份有限公司,43465,1.611,3.7779,1.815,1.834794438,0.408973499,0.045760586,4.1622,-0.533496835,39.8282,0
601127,重庆小康工业集团股份有限公司,41274,0.6451,17.4957,4.4156,2.628115357,0.843554198,0.111122854,4.912,1.337171674,6.6301,0
601127,重庆小康工业集团股份有限公司,41639,0.6233,9.5009,4.116,2.554491476,0.814867155,0.116026437,5.0542,0.269469232,8.5713,0
601127,重庆小康工业集团股份有限公司,42004,0.6702,6.3859,4.0181,2.970265893,0.858633204,0.097336543,3.7272,1.177973146,12.9574,0
601127,重庆小康工业集团股份有限公司,42369,0.7341,7.6109,3.891,3.240858933,0.848517125,0.093021551,3.3956,1.00734608,13.4022,0
601127,重庆小康工业集团股份有限公司,42735,0.8202,29.6792,4.3371,5.244885604,0.816328524,0.113670174,4.1334,1.804303287,59.4671,0
601127,重庆小康工业集团股份有限公司,43100,0.9037,72.3856,4.0717,5.994139981,0.924935209,0.154228526,6.3177,0.9054204,19.5514,0
601127,重庆小康工业集团股份有限公司,43465,0.7562,10.4795,3.6924,4.105673397,0.761928666,0.067859334,3.3394,2.188399213,12.0185,0
601238,广州汽车集团股份有限公司,40543,4.3208,41.5591,1.4829,3.310265601,0.228556856,0.303365111,57.6529,-0.113700535,17.2513,0
601238,广州汽车集团股份有限公司,40908,3.4088,130.1785,1.4713,3.352744082,0.247650529,0.183332887,28.9868,-0.06890848,15.9132,0
601238,广州汽车集团股份有限公司,41274,2.1288,7.2641,1.5426,2.995204505,0.26070391,0.041179143,7.3825,0.898042476,10.8181,0
601238,广州汽车集团股份有限公司,41639,1.3536,20.6257,1.6966,2.85855122,0.325735112,0.089734289,15.9341,0.384445741,17.0269,0
601238,广州汽车集团股份有限公司,42004,1.2009,12.4776,1.7255,2.827937817,0.359058445,0.094977367,12.0481,0.377380824,7.8361,0
601238,广州汽车集团股份有限公司,42369,1.3972,18.353,1.7031,3.699114487,0.437994064,0.11972097,13.8173,1.268281907,7.6215,0
601238,广州汽车集团股份有限公司,42735,1.3353,21.4779,1.8308,4.485142355,0.601977591,0.156133915,13.8253,0.873257677,22.2232,0
601238,广州汽车集团股份有限公司,43100,1.6641,53.1621,1.6986,5.854712674,0.594836485,0.223016696,16.4953,1.395079676,45.6928,0
601633,长城汽车股份有限公司,43100,1.0822,38.0512,2.2442,3.625499348,0.909039152,0.154448207,5.7865,-0.213481572,19.7574,0
601689,宁波拓普集团股份有限公司,41274,0.8454,26.1218,1.5807,2.925728231,1.058546126,0.353085991,14.1544,1.208321488,9.3737,0
601689,宁波拓普集团股份有限公司,41639,1.1042,208.0815,1.4499,3.592172833,1.089205296,0.433477139,16.3862,0.961370017,19.6692,0
601689,宁波拓普集团股份有限公司,42004,0.7348,227.2019,1.691,3.359826717,1.07878773,0.375599823,15.9869,1.147729241,19.6866,0
601689,宁波拓普集团股份有限公司,42369,2.002,9094.1726,1.2984,2.75245444,0.728175193,0.299603319,15.4068,0.581123774,62.7838,0
601689,宁波拓普集团股份有限公司,43100,1.3238,261.8512,1.6536,2.611221721,0.474183087,0.217258271,15.8797,1.254593062,117.0217,0
601689,宁波拓普集团股份有限公司,43465,1.3636,59.4202,1.5044,2.158295343,0.548957446,0.168596664,14.5206,0.801422201,1.5462,0
601777,力帆实业(集团)股份有限公司,40543,1.5701,10.3837,2.1267,4.445295549,0.667106671,0.190460934,6.3833,0.45547323,73.3352,0
601777,力帆实业(集团)股份有限公司,40908,0.9812,12.7377,2.1737,4.346789068,0.799915012,0.122102938,3.8839,0.382110345,6.3021,0
601777,力帆实业(集团)股份有限公司,41274,0.9561,4.3,2.754,3.373444366,0.617724997,0.080737187,3.1007,-2.092772209,30.2197,0
601777,力帆实业(集团)股份有限公司,41639,0.8029,3.5298,2.9997,3.249290404,0.573043487,0.095099722,2.7356,-1.274500305,25.1181,0
601777,力帆实业(集团)股份有限公司,42004,0.6739,2.9562,3.8181,2.363078147,0.547788046,0.084546356,2.8848,-0.975178627,18.5628,0
601777,力帆实业(集团)股份有限公司,42369,0.6605,2.388,3.6658,2.338199169,0.490931214,0.084578504,2.6944,-4.24986306,21.2998,0
601777,力帆实业(集团)股份有限公司,42735,0.6816,1.2348,4.2988,1.928551677,0.375989092,0.035347113,0.1068,-9.715655078,16.216,0
601777,力帆实业(集团)股份有限公司,43100,0.6597,1.297,4.1183,1.83628023,0.419728197,0.058435227,1.369,-2.12346671,2.179,0
601777,力帆实业(集团)股份有限公司,43465,0.6256,1.241,3.6953,1.664243056,0.394662758,0.107435051,1.8903,0.230695637,-7.0472,0
601799,常州星宇车灯股份有限公司,43100,1.7098,101.6681,1.6045,4.64956675,0.658912167,0.40039786,13.1026,1.862578251,20.2405,0
601799,常州星宇车灯股份有限公司,43465,1.597,518.3007,1.6589,4.902048813,0.700014403,0.441875345,14.1464,1.122425992,12.2367,0
603006,上海联明机械股份有限公司,40543,0.8671,28.2932,1.7459,4.988373348,1.008233485,0.526651116,23.2411,1.088397596,31.6644,0
603006,上海联明机械股份有限公司,40908,1.0626,22.7759,1.5681,4.308761925,0.940451289,0.434473612,21.6051,1.070561978,18.3701,0
603006,上海联明机械股份有限公司,41274,1.1616,22.9705,1.4368,2.377715401,0.915495006,0.338206755,18.8302,1.402151354,12.8691,0
603006,上海联明机械股份有限公司,41639,0.9888,40.1909,1.4401,2.455693516,0.847818073,0.299860236,19.5413,0.838150309,22.49,0
603006,上海联明机械股份有限公司,42004,1.3656,35.1484,1.2915,1.964350431,0.71731914,0.224474881,16.5582,0.801438351,54.0435,0
603006,上海联明机械股份有限公司,42369,1.4182,70.12,1.2951,2.073009566,0.732123937,0.25188033,18.498,0.80100376,-6.1667,0
603006,上海联明机械股份有限公司,43465,1.3238,11.6784,1.5787,1.943585441,0.500839011,0.156668234,13.4958,0.82904284,24.0232,0
603009,上海北特科技股份有限公司,40543,0.8203,15.6374,2.3507,4.440875265,0.936877472,0.435242124,15.595,1.149319242,68.4708,0
603009,上海北特科技股份有限公司,40908,0.6726,7.6407,2.2657,3.03229741,0.95949869,0.341616855,12.5327,-0.22660978,28.9163,0
603009,上海北特科技股份有限公司,41274,0.5871,5.4398,2.393,2.405461931,0.808390809,0.305488027,12.3756,1.140410446,36.4595,0
603009,上海北特科技股份有限公司,41639,0.6611,3.9842,2.5815,2.270068512,0.796642671,0.209220051,8.3081,0.992997851,28.4986,0
603009,上海北特科技股份有限公司,42004,0.8799,4.2395,2.0422,2.231071915,0.68480667,0.176896616,8.0873,3.476781165,38.9644,0
603009,上海北特科技股份有限公司,42369,0.8094,3.9999,2.0804,2.155035263,0.641635129,0.147272017,7.9316,1.412949183,18.8704,0
603009,上海北特科技股份有限公司,42735,1.9536,7.3779,1.3777,1.711319216,0.453023475,0.107891804,8.1401,0.505716179,60.4526,0
603009,上海北特科技股份有限公司,43100,1.2904,8.5854,1.4966,1.46541599,0.450578405,0.102468271,8.9636,0.326551696,14.6669,0
603009,上海北特科技股份有限公司,43465,0.7791,3.2746,1.6936,1.569632485,0.420141424,0.047780111,4.3074,1.77700233,46.653,0
603013,亚普汽车部件股份有限公司,41274,0.659,10.3143,2.3237,3.840291186,1.443849952,0.241691986,7.0863,1.725836681,10.7667,0
603013,亚普汽车部件股份有限公司,41639,0.6635,5.2614,2.4887,3.843286046,1.43831115,0.239002084,5.7508,0.891938602,19.2953,0
603013,亚普汽车部件股份有限公司,42735,0.7523,11.377,2.6108,4.063139985,1.285723578,0.220666789,6.903,1.396799417,15.0385,0
603013,亚普汽车部件股份有限公司,43100,0.766,8.3953,2.4954,4.015227903,1.297230015,0.18148735,5.344,1.908545568,6.9668,0
603013,亚普汽车部件股份有限公司,43465,1.0643,7.2027,1.9757,3.831098127,1.274229031,0.172625461,4.9116,1.351802017,11.8846,0
603035,常熟市汽车饰件股份有限公司,41274,0.8391,10.2639,1.7083,1.735403051,0.512160952,0.195873262,18.0564,0.378169794,8.6734,0
603035,常熟市汽车饰件股份有限公司,41639,0.7565,12.8759,1.7641,1.745025663,0.469868617,0.190993671,21.6995,0.41984469,13.0863,0
603035,常熟市汽车饰件股份有限公司,42004,0.7469,12.6456,1.6881,2.046398329,0.57069304,0.197596975,20.1318,0.634397964,5.191,0
603035,常熟市汽车饰件股份有限公司,42369,0.6822,12.5577,1.6321,1.817595074,0.499289914,0.190298337,22.1649,0.805287196,7.2511,0
603035,常熟市汽车饰件股份有限公司,42735,1.4131,14.735,1.5039,2.500980216,0.45908043,0.170345396,16.6872,0.809220424,53.0223,0
603035,常熟市汽车饰件股份有限公司,43100,1.1862,36.547,1.4074,1.750944451,0.423357991,0.128478597,17.4549,0.355207604,1.0818,0
603035,常熟市汽车饰件股份有限公司,43465,0.6027,12.2697,1.8154,1.385366703,0.32058832,0.126344567,25.6399,0.531876946,44.3304,0
603089,浙江正裕工业股份有限公司,41639,0.9628,21.1948,1.8018,2.814816346,0.940084179,0.295708555,12.5692,1.709477693,3.3756,0
603089,浙江正裕工业股份有限公司,43465,0.8573,217.9658,1.7813,2.679591675,0.678188447,0.142490432,11.3621,0.8711996,51.7584,0
603121,上海华培动力科技股份有限公司,42369,0.9806,38.8135,1.6546,2.277882067,0.76979056,0.407414732,23.9614,1.502763007,36.5611,0
603121,上海华培动力科技股份有限公司,42735,2.3854,43.4069,1.2093,2.215772327,0.703198817,0.369638098,22.4912,1.324341169,19.5827,0
603121,上海华培动力科技股份有限公司,43100,2.3429,69.2874,1.2319,2.643039326,0.7428549,0.463199734,24.555,0.663779499,28.1706,0
603158,常州腾龙汽车零部件股份有限公司,41274,1.0984,9.8532,1.8037,4.285423869,1.008493723,0.584516983,17.1302,1.389842857,8.341,0
603158,常州腾龙汽车零部件股份有限公司,41639,1.2558,19.3367,1.7266,4.852280791,0.903957658,0.618411268,19.2649,0.630750507,29.0385,0
603158,常州腾龙汽车零部件股份有限公司,42004,1.3018,29.6978,1.6285,5.352493426,0.950466152,0.704648928,20.2599,1.244234327,17.148,0
603158,常州腾龙汽车零部件股份有限公司,43100,1.6297,61.7254,1.4496,2.683374247,0.593469357,0.259576255,18.192,1.066834049,22.9636,0
603158,常州腾龙汽车零部件股份有限公司,43465,1.593,17.8784,1.5133,2.213660011,0.630992601,0.229282184,14.5806,1.027482506,5.9509,0
603161,科华控股股份有限公司,41639,0.6849,3.8689,3.0095,1.651884035,0.655615392,0.213894313,10.5003,0.809859985,34.2467,0
603161,科华控股股份有限公司,42004,0.5526,6.1436,3.0099,1.918065037,0.702826305,0.241956363,13.7931,0.452684571,28.2539,0
603161,科华控股股份有限公司,42369,1.0134,10.5248,2.0428,2.076790397,0.650444024,0.234066772,15.0888,0.204188247,33.4185,0
603161,科华控股股份有限公司,42735,0.8658,10.0427,2.4327,1.535503757,0.533936815,0.175804986,15.7251,0.506877218,45.1885,0
603161,科华控股股份有限公司,43100,0.8622,6.09,3.1927,1.32909866,0.436606504,0.130703649,12.9524,0.003851723,52.5957,0
603161,科华控股股份有限公司,43465,0.9987,5.0643,2.6508,1.249085231,0.416508907,0.090446167,8.7871,0.002193354,57.3342,0
603166,桂林福达股份有限公司,40543,0.8282,4.8336,5.2124,3.210706525,0.679786739,0.275193356,11.9591,1.297932751,36.6333,0
603166,桂林福达股份有限公司,40908,0.6883,5.0479,4.7727,1.489925371,0.553141786,0.180231308,12.7398,-0.618942996,29.4461,0
603166,桂林福达股份有限公司,41274,0.5811,3.9266,4.1738,0.990008803,0.401457052,0.127733774,10.7953,0.810893825,8.7394,0
603166,桂林福达股份有限公司,41639,0.5543,3.5127,3.9379,0.964400653,0.447334989,0.135300515,11.5153,1.940003652,-0.1787,0
603166,桂林福达股份有限公司,42004,0.5658,2.519,2.8726,0.864846156,0.409314966,0.115723323,8.13,1.362869075,6.8333,0
603166,桂林福达股份有限公司,42369,1.1778,1.8821,1.7705,0.619138358,0.26033424,0.062104675,1.5659,3.26149379,22.111,0
603166,桂林福达股份有限公司,42735,1.1883,5.1529,1.6948,0.64019345,0.288968292,0.077116898,7.7038,2.440224426,-1.1263,0
603166,桂林福达股份有限公司,43100,1.0702,7.1476,1.4988,0.860126017,0.421909326,0.088781355,10.8348,0.062999817,-10.8212,0
603166,桂林福达股份有限公司,43465,0.9172,5.0558,1.5216,0.949170399,0.43833778,0.074619853,8.3662,2.802296772,1.3969,0
603178,宁波圣龙汽车动力系统股份有限公司,41639,0.4381,3.9338,3.2874,3.352987338,0.982270987,0.164221892,6.8051,1.238714402,24.8126,0
603178,宁波圣龙汽车动力系统股份有限公司,42004,0.6109,5.1274,3.4124,3.440426801,0.964761807,0.171990444,7.8892,1.699007603,34.9858,0
603178,宁波圣龙汽车动力系统股份有限公司,42369,0.8031,4.5866,3.3903,2.590212821,0.911104178,0.144658271,7.0321,1.190065746,27.2282,0
603178,宁波圣龙汽车动力系统股份有限公司,42735,0.6478,5.4356,3.4682,2.268053717,0.824334454,0.12736133,7.0311,1.610961458,24.1591,0
603178,宁波圣龙汽车动力系统股份有限公司,43100,0.8248,7.7801,2.4311,2.411412465,0.748320241,0.144915756,8.5657,1.300434167,35.4283,0
603178,宁波圣龙汽车动力系统股份有限公司,43465,0.4944,2.5186,2.3617,1.899958667,0.625267311,0.056823004,3.4721,5.928521305,-0.435,0
603179,江苏新泉汽车饰件股份有限公司,41639,0.5724,3.8035,2.5619,2.240919987,0.691749441,0.165929779,7.7477,0.457469839,13.679,0
603179,江苏新泉汽车饰件股份有限公司,42004,0.5995,4.3037,2.6738,2.504602964,0.671097741,0.173071046,7.2787,1.220734851,17.0027,0
603179,江苏新泉汽车饰件股份有限公司,42369,0.5858,5.1999,2.6532,2.425139473,0.699034071,0.158807188,7.8167,1.596312341,9.7434,0
603179,江苏新泉汽车饰件股份有限公司,42735,0.6139,10.633,3.3644,4.263019481,0.855966203,0.236346728,8.0712,0.958012071,54.8788,0
603179,江苏新泉汽车饰件股份有限公司,43100,0.911,76.2184,2.3257,5.519954835,0.980884279,0.315705677,10.102,0.112183965,56.0321,0
603179,江苏新泉汽车饰件股份有限公司,43465,1.0785,18.8711,2.4235,4.278985048,0.871215298,0.270127695,9.5949,1.742246816,25.3213,0
603179,上海保隆汽车科技股份有限公司,40543,0.8731,8.9126,1.9162,7.473537818,1.349982067,0.639640305,12.0515,1.00367768,29.3317,0
603197,上海保隆汽车科技股份有限公司,41639,0.8444,3.7809,2.285,3.823324869,1.013251994,0.243155763,6.6751,0.762406144,18.0119,0
603197,上海保隆汽车科技股份有限公司,42004,0.6998,9.0198,2.229,4.326750284,1.07208001,0.343903516,8.5354,0.759396985,9.1183,0
603197,上海保隆汽车科技股份有限公司,42369,1.1986,11.1292,2.3227,3.930413643,0.998604425,0.351843324,10.6452,1.051077681,21.4259,0
603197,上海保隆汽车科技股份有限公司,42735,0.8809,18.2124,2.2311,4.200263631,1.03834697,0.459523614,13.5514,0.985426409,16.3507,0
603197,上海保隆汽车科技股份有限公司,43100,1.7146,17.5713,1.6621,4.354295451,0.861113392,0.497220822,15.8296,0.955116352,49.4625,0
603197,上海保隆汽车科技股份有限公司,43465,1.1803,12.8889,3.0508,3.559422919,0.741012733,0.286605383,11.345,1.607843977,28.7213,0
603239,浙江仙通橡塑股份有限公司,41274,1.1213,10.8429,1.8508,6.107036827,0.776247833,0.291307731,13.2031,1.32303216,25.237,0
603239,浙江仙通橡塑股份有限公司,41639,0.9443,12.8349,2.0071,2.77475365,0.711959067,0.259494553,14.7822,0.435463966,19.518,0
603239,浙江仙通橡塑股份有限公司,42004,0.9671,10.9121,1.6102,1.695186815,0.722816771,0.309189548,19.0267,2.148894364,-8.1046,0
603239,浙江仙通橡塑股份有限公司,42369,1.0283,17.4332,1.7124,2.149918194,0.775382285,0.456160788,23.0391,0.810557303,31.2976,0
603239,浙江仙通橡塑股份有限公司,42735,3.2577,27.18,1.2626,2.601496285,0.528872237,0.676482019,28.8887,0.707054835,102.6733,0
603286,江苏日盈电子股份有限公司,41639,0.9045,7.0969,1.802,1.813238843,0.674453625,0.303970925,18.9624,0.695079,44.2135,0
603286,江苏日盈电子股份有限公司,42004,0.8847,20.7992,1.5665,1.938610061,0.724327696,0.267850066,20.7886,1.510000195,8.6943,0
603286,江苏日盈电子股份有限公司,42369,0.7539,18.2319,1.5765,1.758065329,0.692769719,0.162109491,12.0506,1.332179193,-7.9601,0
603286,江苏日盈电子股份有限公司,42735,0.75,13.1993,1.6254,1.376337107,0.683953302,0.157469646,12.3627,0.650472071,17.8783,0
603286,江苏日盈电子股份有限公司,43100,1.7236,15.2992,1.3478,1.547862692,0.557015326,0.154363513,11.0595,1.001792433,41.563,0
603286,江苏日盈电子股份有限公司,43465,1.2807,19.3504,1.4538,1.600807564,0.563476308,0.083836714,6.9799,1.624725323,10.8504,0
603306,华懋(厦门)新材料科技股份有限公司,41274,1.4836,53.4629,1.4571,1.657389304,0.648159525,0.314245251,22.596,1.19599061,21.2964,0
603306,华懋(厦门)新材料科技股份有限公司,41639,1.5121,84.4824,1.4658,1.954044936,0.670390306,0.380840602,26.0641,0.950258109,29.0783,0
603319,湖南机油泵股份有限公司,41274,0.8244,2.0946,2.2391,1.887583073,0.612878501,0.142939699,5.1068,3.12848752,-5.2076,0
603319,湖南机油泵股份有限公司,41639,0.954,3.9155,2.2407,2.373171506,0.680090805,0.251075489,10.2018,1.828192048,14.7182,0
603319,湖南机油泵股份有限公司,42004,0.8789,4.2176,2.2055,2.240046691,0.644972524,0.223504628,10.458,1.379384659,10.3404,0
603319,湖南机油泵股份有限公司,42369,0.8564,4.5298,2.1633,1.756305517,0.594269848,0.155570054,9.278,2.01877256,6.7044,0
603319,湖南机油泵股份有限公司,42735,1.4322,6.0405,1.6033,1.830622617,0.581412344,0.198203954,11.3145,1.481201174,22.5385,0
603319,湖南机油泵股份有限公司,43100,1.085,12.8709,1.6001,2.051264779,0.730305339,0.268413891,15.989,0.414536922,16.2157,0
603319,湖南机油泵股份有限公司,43465,1.1642,9.3008,1.7992,2.062878293,0.669389877,0.180811042,12.2495,1.451625903,19.5312,0
603335,广东迪生力汽配股份有限公司,41639,0.2943,2.0788,2.1954,4.242873266,0.799822922,0.124544538,2.3298,0.966768733,26.4246,0
603335,广东迪生力汽配股份有限公司,42004,0.39,5.824,2.5071,6.948763218,1.050123484,0.223477923,5.5557,2.223078273,16.4698,0
603335,广东迪生力汽配股份有限公司,42369,0.3191,6.8426,1.8734,5.994347398,1.207564762,0.215542901,6.3263,1.529488587,-13.9255,0
603335,广东迪生力汽配股份有限公司,42735,0.2562,8.6606,1.783,6.220928794,1.044527003,0.212954374,7.7669,0.372813421,13.2502,0
603335,广东迪生力汽配股份有限公司,43100,1.0162,8.2249,1.4738,6.652670891,0.885011613,0.331234195,5.7305,3.626383836,27.691,0
603335,广东迪生力汽配股份有限公司,43465,1.0874,4.389,1.3322,7.445177915,0.994931527,0.058908456,2.3474,3.873493927,-9.3629,0
603358,华达汽车科技股份有限公司,41274,0.7356,14.3513,1.9118,10.36904073,1.39322243,0.57914594,8.8161,1.026136807,30.2952,0
603358,华达汽车科技股份有限公司,41639,0.6766,34.4126,2.2021,8.354895236,1.402236109,0.549388177,11.2206,1.843609835,34.8102,0
603358,华达汽车科技股份有限公司,42004,0.5741,45.0155,2.2504,4.838547567,1.189171697,0.401497059,11.5266,0.551813505,27.2248,0
603358,华达汽车科技股份有限公司,42369,0.677,45.459,2.0504,4.129918484,1.122912693,0.369115117,12.3232,0.957860521,12.7233,0
603358,华达汽车科技股份有限公司,42735,0.671,104.6003,1.9877,3.39691494,1.088003912,0.353831872,12.3902,1.06978214,18.6895,0
603586,山东金麒麟股份有限公司,41639,1.0314,4.3489,2.8033,2.416635553,0.569210477,0.293160998,15.3798,1.689436792,29.0501,0
603586,山东金麒麟股份有限公司,42004,0.6769,5.175,2.5461,1.478286315,0.591662841,0.241980293,13.5781,1.414034992,5.5747,0
603586,山东金麒麟股份有限公司,42369,1.0996,6.5887,2.0587,1.612159611,0.654757776,0.2434505,15.8531,2.113010467,-4.1847,0
603586,山东金麒麟股份有限公司,42735,0.9938,11.9729,1.8081,1.944467135,0.719327225,0.292669856,18.2322,1.266562275,4.7134,0
603586,山东金麒麟股份有限公司,43100,3.2949,24.316,1.3299,2.177461582,0.532597209,0.26595804,13.9015,1.442490239,56.9539,0
603586,山东金麒麟股份有限公司,43465,2.3928,19.952,1.3371,2.034158561,0.488166793,0.105236734,8.4176,1.201261128,1.8097,0
603596,芜湖伯特利汽车安全系统股份有限公司,42004,0.9564,64.0739,3.0006,4.482235331,0.803197448,0.244317845,7.6277,0.12456785,70.3971,0
603596,芜湖伯特利汽车安全系统股份有限公司,42369,1.0084,41.0689,2.7589,5.40108751,1.028336467,0.540571873,13.2171,0.552904231,43.607,0
603596,芜湖伯特利汽车安全系统股份有限公司,42735,1.2075,62.3724,2.4654,4.960772894,0.98496211,0.660535788,16.3436,0.463566457,57.0274,0
603596,芜湖伯特利汽车安全系统股份有限公司,43100,1.2956,52.6672,2.2684,4.818696863,0.875771126,0.524427886,15.7296,0.188846714,22.9841,0
603596,芜湖伯特利汽车安全系统股份有限公司,43465,1.8527,36.6049,1.7375,4.038922146,0.72460488,0.432652483,13.4104,1.222874111,30.0196,0
603730,上海岱美汽车内饰件股份有限公司,41274,0.8045,7.9863,1.9425,4.286219855,1.023483776,0.433750328,12.9424,1.072773778,6.3699,0
603730,上海岱美汽车内饰件股份有限公司,41639,0.9261,8.5064,1.9624,5.165588161,1.042551455,0.499361127,14.3273,1.174487711,19.6992,0
603730,上海岱美汽车内饰件股份有限公司,42004,0.8789,16.0108,1.9424,6.03561361,1.069429855,0.487859577,13.9386,0.959850351,13.6382,0
603730,上海岱美汽车内饰件股份有限公司,42369,1.1911,18.2292,1.8328,4.662934093,1.038563499,0.517298869,16.6248,1.099594262,19.9057,0
603730,上海岱美汽车内饰件股份有限公司,42735,1.3438,29.2622,1.7009,5.105616416,1.069860038,0.605656574,19.243,0.725990968,14.5633,0
603730,上海岱美汽车内饰件股份有限公司,43100,3.9298,66.0496,1.2317,5.695365062,0.852039478,0.775583005,20.8783,0.697647814,48.6121,0
603730,上海岱美汽车内饰件股份有限公司,43465,1.3372,35.3785,1.547,4.659693331,0.831529431,0.282003813,14.176,1.292864624,34.8575,0
603758,重庆秦安机电股份有限公司,41639,0.6739,10.1543,1.8003,1.582275366,0.687249007,0.293367469,21.0768,1.641860045,14.1782,0
603758,重庆秦安机电股份有限公司,42004,0.5178,10.7904,1.8834,1.597361947,0.55708564,0.242687323,23.5708,0.777837517,32.9612,0
603758,重庆秦安机电股份有限公司,42369,0.7443,18.9258,1.5815,1.444054451,0.516754323,0.214171913,24.4568,0.898417424,22.5833,0
603758,重庆秦安机电股份有限公司,42735,0.9131,22.2936,1.4328,1.206747375,0.505862667,0.189516386,21.162,1.535949982,4.3099,0
603758,重庆秦安机电股份有限公司,43100,5.0669,429.5804,1.0799,1.25054112,0.46015553,0.168983608,17.9532,2.546066585,11.9533,0
603767,浙江中马传动股份有限公司,40543,1.004,14.3553,2.0818,2.244506701,0.818884659,0.396093074,20.3864,0.596446929,20.7479,0
603767,浙江中马传动股份有限公司,40908,0.9792,10.6877,2.3079,1.946347278,0.664512311,0.316048916,16.5029,-0.535440651,42.0664,0
603767,浙江中马传动股份有限公司,41274,0.7953,6.6203,2.2529,2.043925421,0.748875713,0.279920199,13.5797,1.515844029,23.97,0
603767,浙江中马传动股份有限公司,41639,0.8666,10.553,1.831,2.148532234,0.829734492,0.324399128,14.9631,1.705859995,18.7616,0
603767,浙江中马传动股份有限公司,42004,0.8573,13.8511,1.8522,2.719287599,1.04709904,0.471093998,18.5315,1.088206241,-12.4088,0
603767,浙江中马传动股份有限公司,42369,0.9239,9.7404,1.5102,1.640040379,0.772940681,0.187745347,12.583,1.810414567,17.1013,0
603767,浙江中马传动股份有限公司,42735,1.3123,19.7185,1.433,1.599899146,0.688048541,0.199383832,14.7243,1.615284447,1.8291,0
603767,浙江中马传动股份有限公司,43100,2.9588,74.8352,1.2567,1.650954028,0.493090237,0.133296181,10.259,2.238648784,49.3803,0
603768,合肥常青机械股份有限公司,41639,0.5674,4.7059,2.6235,3.092290321,1.10940297,0.302993187,10.5378,-0.326045471,34.269,0
603768,合肥常青机械股份有限公司,42004,0.4101,3.5124,2.1975,2.324360488,1.212516847,0.209730031,7.5358,2.110737028,-4.0066,0
603768,合肥常青机械股份有限公司,42369,0.5585,4.218,2.0146,2.09899513,0.944376714,0.161885779,7.881,1.325708064,5.2725,0
603768,合肥常青机械股份有限公司,42735,0.467,8.9955,2.0553,2.308025076,0.973393741,0.211240784,11.6319,0.3674198,27.351,0
603768,合肥常青机械股份有限公司,43100,1.5308,8.2296,1.5074,2.657926673,0.767093571,0.171755091,7.7207,-0.060823365,62.9439,0
603768,合肥常青机械股份有限公司,43465,1.0689,4.3006,1.7234,2.684855467,0.641005238,0.078865313,4.9407,-0.199811727,17.0515,0
603788,宁波高发汽车控制系统股份有限公司,41274,1.6741,28.0727,1.5362,5.295575509,0.95989327,0.600461693,19.5511,1.051317221,24.0252,0
603788,宁波高发汽车控制系统股份有限公司,41639,1.4254,40.4595,1.6626,4.191137263,0.994378471,0.733808333,19.0085,0.836323314,35.9892,0
603788,宁波高发汽车控制系统股份有限公司,42004,1.5963,38.459,1.6446,5.265350532,1.041843775,0.856408445,19.0019,0.540439632,23.4476,0
603809,成都豪能科技股份有限公司,41639,1.6642,23.2196,1.3805,2.362540391,0.76554857,0.545891064,24.796,0.740944315,9.2761,0
603809,成都豪能科技股份有限公司,42004,2.6646,35.8023,1.3802,2.868421837,0.769728739,0.541257986,26.2532,0.76174671,25.9964,0
603809,成都豪能科技股份有限公司,42369,1.738,180.9861,1.4798,2.230561054,0.588391846,0.281714026,21.8128,0.992755759,28.1934,0
603809,成都豪能科技股份有限公司,42735,1.7607,77.8527,1.484,1.175674535,0.506585553,0.243309282,20.5537,1.004019435,24.3993,0
603809,成都豪能科技股份有限公司,43100,2.5983,42.8537,1.4272,1.255882618,0.377333847,0.223029176,20.9495,1.324251674,75.6376,0
603922,苏州金鸿顺汽车部件股份有限公司,41639,0.8718,9.2295,2.1451,5.111255115,1.037353046,0.541884155,13.8256,1.053039805,2.9502,0
603922,苏州金鸿顺汽车部件股份有限公司,42004,0.7129,9.5627,2.3922,4.12654241,1.011412942,0.485902093,13.864,1.1980212,-8.4653,0
603922,苏州金鸿顺汽车部件股份有限公司,42369,0.652,5.2905,2.3287,4.06005369,0.915688711,0.316447583,10.1909,2.171244355,-0.3253,0
603922,苏州金鸿顺汽车部件股份有限公司,42735,0.7052,6.9929,2.1732,3.530058987,0.817834432,0.309212272,12.646,1.011908705,18.1028,0
603922,苏州金鸿顺汽车部件股份有限公司,43100,1.3788,6.3181,1.5405,3.972028991,0.607579118,0.265498903,9.783,-0.007469253,55.7261,0
603922,苏州金鸿顺汽车部件股份有限公司,43465,1.5879,5.7499,1.4418,4.377638853,0.65195928,0.156095852,5.7816,0.885205806,-4.3671,0
603926,浙江铁流离合器股份有限公司,41639,1.1653,19.2024,1.69,7.758463461,1.483700758,0.812592237,16.4644,1.414605923,11.1877,0
603926,浙江铁流离合器股份有限公司,42004,1.0833,47.8514,1.5319,6.070048581,1.383932023,0.633669315,17.0719,1.284159043,-4.3819,0
603926,浙江铁流离合器股份有限公司,42369,1.1848,81.0802,1.4848,5.129604611,1.105732923,0.380983977,15.7658,1.744856523,15.4099,0
603926,浙江铁流离合器股份有限公司,42735,1.1703,120.571,1.5088,6.274837511,0.952341515,0.402283436,17.848,0.802700846,23.8181,0
603982,南京泉峰汽车精密技术股份有限公司,42369,0.8502,5.1143,1.856,2.8321964,1.083419446,0.232986356,6.9786,1.744790033,10.0611,0
603982,南京泉峰汽车精密技术股份有限公司,42735,0.9151,7.6776,1.5544,2.066027626,0.84137645,0.157849436,9.0024,1.607657557,52.2512,0
603982,南京泉峰汽车精密技术股份有限公司,43100,1.1575,8.6805,1.6338,1.719135473,0.676863293,0.121656135,8.8798,0.28485666,64.1018,0
603982,南京泉峰汽车精密技术股份有限公司,43465,0.872,4.0601,2.0447,1.404310881,0.634673097,0.120643982,8.0475,0.206833407,38.8854,0
603997,宁波继峰汽车零部件股份有限公司,42004,1.4087,89.5478,1.3624,2.676006247,0.952173788,0.501188434,22.8939,0.735739008,28.5567,0
603997,宁波继峰汽车零部件股份有限公司,42369,3.6883,1061.4636,1.1654,2.442404343,0.672905632,0.383784683,18.3817,0.868728471,45.6932,0
