证券代码',最新公司全称_Lcomnm,会计期间',速动比率X1,利息保障倍数X2,权益乘数X3,固定资产周转率X4,总资产周转率X5,长期资本收益率X6,营业利润率X7,净利润现金含量X8,总资产增长率X9,FAIL
000670,盈方微电子股份有限公司,2016-12-31,3.762,29.8775,1.1297,2.95875996651267,0.595766456363684,0.0315442237857633,2.5003,2.01076793123447,12.0508,1
000820,神雾节能股份有限公司,2012-12-31,0.7386,54.7499,4.2859,0.554564323667298,0.286625425902955,1.28587272716798,-35.6699,-0.611524521265421,-42.8363,1
000981,银亿股份有限公司,2011-12-31,0.2175,19.9686,4.9364,43.649564237139,0.299107054537296,0.358859635359827,20.0116,-3.84598031105162,29.3857,1
000981,银亿股份有限公司,2012-12-31,0.1877,21.8851,4.7621,3.99504881421154,0.189074709485814,0.287954972311002,24.5732,-0.658590628331468,15.4766,1
000981,银亿股份有限公司,2013-12-31,0.3593,15.9835,5.3968,3.57700981227823,0.191761837159103,0.320746264254456,18.477,-0.0452568344961913,27.9308,1
000981,银亿股份有限公司,2014-12-31,0.2659,14.7735,5.3062,5.23952959624141,0.238229758289037,0.280350595129436,13.3808,-0.89569874498174,10.3643,1
000981,银亿股份有限公司,2015-12-31,0.4083,12.9937,4.557,6.9343067808133,0.342266839414503,0.207908377568809,7.5759,6.04415185285002,-6.7403,1
000981,银亿股份有限公司,2016-12-31,0.4353,3.6086,3.8342,6.85148211777,0.319893770714748,0.453914192397,14.4038,0.554786576665443,1.9089,1
000981,银亿股份有限公司,2017-12-31,0.83,7.7294,2.3718,4.15167327927545,0.289097575333325,0.129333731443684,13.691,0.697407595467859,19.8755,1
000981,银亿股份有限公司,2018-12-31,0.4037,0.5284,2.4414,2.38913175439457,0.243872224303033,0.0233878596510609,-3.721,-0.262137086539172,-16.2923,1
002336,人人乐连锁商业集团股份有限公司,2014-12-31,0.737,-89.1589,2.539,12.9779645849376,1.75392118181887,-0.159601923462717,-2.0397,-0.0628763969956158,-5.7045,1
002336,人人乐连锁商业集团股份有限公司,2015-12-31,0.6349,-51.839,2.7605,10.8092427676462,1.80907528668034,-0.200426905601368,-3.1185,0.328878538543294,-10.2443,1
002336,人人乐连锁商业集团股份有限公司,2016-12-31,0.6725,13.0556,2.4513,11.1626974902835,1.7961506343243,0.0616878186224961,-0.7724,1.66130705839123,-8.8089,1
002336,人人乐连锁商业集团股份有限公司,2017-12-31,0.472,-46.645,2.9673,6.79717019229615,1.68739222011241,-0.212310410430119,-4.8638,-0.373987941115857,-7.1946,1
002356,深圳赫美集团股份有限公司,2013-12-31,2.0903,11.0646,1.4692,6.49718606328198,0.433974975649699,0.0687608585394743,1.2443,-3.02172705734238,-0.5911,1
002356,深圳赫美集团股份有限公司,2014-12-31,0.9955,4.3761,1.5924,4.26187727314351,0.328335944070905,0.0906556643464775,5.7389,-2.37727757097572,67.22,1
002356,深圳赫美集团股份有限公司,2015-12-31,0.7933,4.7928,1.6282,6.88735152647611,0.483861978897927,0.220093570157326,10.3949,-1.89335625194816,10.6254,1
002356,深圳赫美集团股份有限公司,2016-12-31,0.5554,4.7477,2.5166,9.08953766145416,0.448132220924009,0.148117819253689,10.0647,0.311943549171965,81.952,1
002356,深圳赫美集团股份有限公司,2017-12-31,0.6897,3.2779,3.2054,11.8924433478378,0.344099940243897,0.130471658912891,11.7413,-1.09672344218187,47.6048,1
002356,深圳赫美集团股份有限公司,2018-12-31,0.6656,-11.9454,90.2111,11.6720714011641,0.441940751923188,-1.33472936596999,-130.6263,0.188913853552944,-38.0572,1
002359,北讯集团股份有限公司,2011-12-31,2.0691,24.6967,1.5685,1.34670803352539,0.384495595337242,0.0668316980206509,4.6889,-0.657305814396254,24.2307,1
002359,北讯集团股份有限公司,2012-12-31,1.1317,3.5547,1.9924,1.42881937627577,0.44040947912148,0.0767901592051786,3.489,-2.06471058434707,32.1415,1
002359,北讯集团股份有限公司,2013-12-31,1.6958,1.3842,1.5672,1.47748196825499,0.43755656974156,0.0492515819472168,-0.5253,-39.3740932038516,16.8816,1
002359,北讯集团股份有限公司,2014-12-31,1.3384,-7.3283,1.6259,1.19949005636063,0.390751560544707,-0.118999667459067,-14.4171,-0.539055466136693,-5.977,1
002359,北讯集团股份有限公司,2015-12-31,1.4413,1.9163,1.4862,1.43740669013218,0.473018299231466,0.0368109299743799,1.5311,-1.33138194447987,-7.4353,1
002359,北讯集团股份有限公司,2016-12-31,1.05,-4.2932,2.0248,2.17401246655244,0.519887051821664,-0.0961048256702354,4.588,-0.11881077411205,29.2956,1
002359,北讯集团股份有限公司,2017-12-31,0.5326,3.454,2.0703,0.678704398745964,0.166272591195304,0.0413945760544119,16.1654,2.49815479630728,597.0538,1
002359,北讯集团股份有限公司,2018-12-31,0.4281,-0.5163,3.1972,1.00676134153168,0.169262746539914,-0.0552864333549032,-39.5279,-0.727611000806227,26.3844,1
002420,广州毅昌科技股份有限公司,2010-12-31,1.8023,20.7474,1.5755,3.99412258697348,0.728378688417485,0.265867295640251,8.5346,-0.740863923669664,71.8008,1
002420,广州毅昌科技股份有限公司,2011-12-31,1.2664,3.409,1.8625,3.25515960547945,0.719029635812265,0.0689324284998308,1.1631,-2.70137444757744,18.1191,1
002420,广州毅昌科技股份有限公司,2012-12-31,1.138,2.3238,1.9216,2.66917682641099,0.709097650124918,0.0648737712909385,0.4941,4.94593451292472,4.4231,1
002420,广州毅昌科技股份有限公司,2013-12-31,1.2521,-2.1399,2.1121,3.33012841123672,0.81929351185758,-0.0398362529263754,-3.766,-1.84523881369685,5.9512,1
002420,广州毅昌科技股份有限公司,2014-12-31,1.2099,2.8636,2.2534,3.88193012434859,0.886421560448178,0.0505011559654006,0.1737,4.06412515273042,9.5806,1
002420,广州毅昌科技股份有限公司,2015-12-31,0.8249,2.248,2.441,4.11702017172513,0.916607169008525,0.0658742055317559,0.4478,0.774713918582595,10.8271,1
002420,广州毅昌科技股份有限公司,2016-12-31,0.8673,1.2751,2.4739,6.29125953633289,1.38684542730867,0.0437815069153564,-0.4594,23.266714030927,2.3438,1
002420,广州毅昌科技股份有限公司,2017-12-31,0.6444,-7.9817,3.451,6.76183966766584,1.38099341252796,-0.38345984840007,-10.2584,-0.0500543247922802,-0.5639,1
002420,广州毅昌科技股份有限公司,2018-12-31,0.4785,-14.2625,7.202,7.17456673850957,1.79380151284457,-0.579837386192332,-12.9639,-0.580089307823213,-33.8037,1
002427,浙江尤夫高新纤维股份有限公司,2011-12-31,2.2231,9.5871,1.2515,2.14071339682584,0.645868366082061,0.0589970804872328,3.5484,-3.98209736441384,5.0847,1
002427,浙江尤夫高新纤维股份有限公司,2012-12-31,0.5889,1.7573,1.8901,2.03125652748505,0.48927871774183,0.0251994763102432,-0.4041,-37.1571184039743,50.6836,1
002427,浙江尤夫高新纤维股份有限公司,2013-12-31,0.583,1.6196,2.5294,1.62120202428374,0.689251336362206,0.0294322978293868,0.9281,-13.6064331604043,36.7884,1
002427,浙江尤夫高新纤维股份有限公司,2014-12-31,0.6432,2.8199,2.2777,2.09153441206391,0.979256734971158,0.124134471187952,4.2368,4.18211111940846,-0.787,1
002427,浙江尤夫高新纤维股份有限公司,2015-12-31,1.344,4.1969,1.4235,1.60215211418058,0.653750833836774,0.10355121214696,6.023,2.73327286992682,21.1406,1
002427,浙江尤夫高新纤维股份有限公司,2016-12-31,0.7829,7.0194,2.3684,1.55991277173376,0.428895293757321,0.0889636039093693,8.2361,2.04583684574826,87.0199,1
002427,浙江尤夫高新纤维股份有限公司,2017-12-31,0.8304,3.4236,4.3756,2.65195575096637,0.646010877583382,0.2027211651462,9.6083,0.782678444946393,37.2139,1
002427,浙江尤夫高新纤维股份有限公司,2018-12-31,0.5319,-2.3179,8.4904,2.17635041502825,0.608027122209995,-0.246795355110915,-29.7537,0.378899088772793,-19.3288,1
002445,中南红文化集团股份有限公司,2010-12-31,3.3319,34.5462,1.2853,4.19160406859579,0.355392830676106,0.436381484773268,14.6981,0.144380504318987,110.9899,1
002445,中南红文化集团股份有限公司,2011-12-31,1.3731,20.3299,1.9824,5.76699778753058,0.337966451684182,0.358847056666289,13.7049,-1.09104592649804,62.4596,1
002445,中南红文化集团股份有限公司,2012-12-31,1.2441,4.283,2.1455,6.08139695285282,0.346106754282143,0.258237187428921,8.5123,-1.51040575308325,10.7054,1
002445,中南红文化集团股份有限公司,2015-12-31,0.9599,6.0349,1.6899,1.77411166361092,0.306231345143895,0.119408729892235,12.8028,1.4044831331519,45.4085,1
002445,中南红文化集团股份有限公司,2016-12-31,1.1014,3.7629,1.7143,2.17823556532003,0.212463726253101,0.0921915705781308,17.137,0.53861287590255,72.493,1
002445,中南红文化集团股份有限公司,2017-12-31,1.1183,3.4788,1.7873,2.6242243087229,0.196358566831665,0.0963513251781204,20.2798,0.586059342752959,23.2024,1
002445,中南红文化集团股份有限公司,2018-12-31,0.6727,-7.9331,2.3367,1.97643084690018,0.188368982103244,-0.689651163025496,-207.0033,-0.0717544137643035,-33.6978,1
002450,康得新复合材料集团股份有限公司,2010-12-31,5.0661,9.5059,1.2867,2.08627590449218,0.457763951808502,0.288377645060568,14.9671,1.55645161807727,105.1019,1
002450,康得新复合材料集团股份有限公司,2011-12-31,1.2099,7.5336,1.8047,5.20347114832442,0.803523077125953,0.277210669928599,10.7615,1.23157510076266,65.8463,1
002450,康得新复合材料集团股份有限公司,2012-12-31,2.3919,11.5721,1.8865,2.78245649481464,0.385882502279483,0.334318641473897,21.888,0.644176530157473,204.9208,1
002450,康得新复合材料集团股份有限公司,2013-12-31,1.3017,6.8566,2.0965,2.13889017312512,0.400954555574091,0.218545975636558,22.8474,0.341916465844278,37.5036,1
002450,康得新复合材料集团股份有限公司,2014-12-31,1.7944,6.1115,2.2534,1.53023040330021,0.478838782872719,0.360489997637098,22.5517,0.429592437818663,36.5923,1
002450,康得新复合材料集团股份有限公司,2015-12-31,1.856,6.0026,1.9933,2.15460021096615,0.40610708615981,0.455915122930974,21.9298,0.645258139987842,68.8778,1
002450,康得新复合材料集团股份有限公司,2016-12-31,2.1426,9.0448,1.6937,2.99196832857412,0.349392682804223,0.544579475102466,24.5591,-0.0242146500590137,42.361,1
002450,康得新复合材料集团股份有限公司,2017-12-31,2.0923,8.1065,1.9004,3.32829992713517,0.344082390783847,0.379667388573594,24.5393,1.4789979203734,29.6582,1
002450,康得新复合材料集团股份有限公司,2018-12-31,1.856,1.7155,1.8867,2.46806751320947,0.267132789635467,0.0635940808937837,4.2957,4.618695184921,-0.0252,1
002477,雏鹰农牧集团股份有限公司,2010-12-31,5.1586,9.3088,1.145,2.74019135503483,0.378693652494496,0.223403802777291,16.3159,0.207446064707536,177.9533,1
002477,雏鹰农牧集团股份有限公司,2011-12-31,1.2694,23.0434,1.3124,3.59196521818754,0.509038350182037,0.377709831420723,32.5515,0.34583389487,41.6166,1
002477,雏鹰农牧集团股份有限公司,2012-12-31,0.5772,6.3779,2.0326,1.43326265342291,0.354326940033015,0.147140016906708,19.0096,-0.300661008490146,74.9499,1
002477,雏鹰农牧集团股份有限公司,2013-12-31,0.3322,1.7302,2.8101,0.90525641631737,0.29807351359308,0.0528249464439663,2.5187,3.08936242370809,40.2595,1
002477,雏鹰农牧集团股份有限公司,2014-12-31,0.353,0.1743,2.5142,0.658823667990383,0.243286921466957,-0.00380212415312963,-9.7529,0.818814723205067,15.5417,1
002477,雏鹰农牧集团股份有限公司,2015-12-31,1.1892,2.3031,2.1609,2.3631688601619,0.355454810556743,0.102399481216657,1.4219,-1.18715875775562,40.6039,1
002477,雏鹰农牧集团股份有限公司,2016-12-31,1.624,3.5018,2.4891,3.99901580486911,0.357488611287223,0.203882617291791,15.3001,2.15974417454769,66.2645,1
002477,雏鹰农牧集团股份有限公司,2017-12-31,1.0746,1.2424,3.5475,1.57479052105038,0.249266636193757,0.0864532379205541,2.8531,0.705552336871921,34.1858,1
002477,雏鹰农牧集团股份有限公司,2018-12-31,0.5571,-4.7385,8.2545,0.949763010489324,0.168782985146072,-0.268716817254095,-113.8254,0.200839163243694,-7.8409,1
002499,科林环保装备股份有限公司,2010-12-31,3.8163,43.7382,1.2638,7.37642962605807,0.420678410872189,0.578384811185648,12.9508,-0.115895031797851,170.85,1
002499,科林环保装备股份有限公司,2018-12-31,1.3958,-31.0826,6.2927,0.424164341774978,0.0656534863212839,-1.9904248748304,-588.1033,0.464849008480696,-21.5728,1
002501,吉林利源精制股份有限公司,2010-12-31,3.4639,5.7805,1.5686,2.09047850465981,0.573931280293628,0.233128143625644,9.6491,0.93155553545164,123.4934,1
002501,吉林利源精制股份有限公司,2011-12-31,1.8396,5.2546,1.7807,2.2621026011514,0.553562023983858,0.192934076784806,13.083,-0.620022670377849,24.8401,1
002501,吉林利源精制股份有限公司,2012-12-31,0.8673,4.2671,2.5279,2.03105645449394,0.423035935783058,0.158122343246498,15.0273,2.73405048215568,61.3666,1
002501,吉林利源精制股份有限公司,2013-12-31,1.351,4.3082,1.48,1.68339227405625,0.410326429436932,0.150971502867558,17.8656,2.77717720516732,27.1361,1
002501,吉林利源精制股份有限公司,2014-12-31,1.5714,5.0917,1.9501,1.27328268219716,0.288365715164361,0.158052437076893,23.8718,1.84457383786373,46.4175,1
002501,吉林利源精制股份有限公司,2015-12-31,0.1535,4.0731,2.2984,0.663871084188221,0.260412433824248,0.0935619396374265,24.1463,1.75585274137587,31.6136,1
002501,吉林利源精制股份有限公司,2016-12-31,0.1849,3.6667,2.648,0.707672619158337,0.211589466233537,0.0849071922031398,23.0758,1.2823096275856,37.0729,1
002501,吉林利源精制股份有限公司,2017-12-31,0.1364,3.6579,1.9046,0.374034132273202,0.199096036575745,0.0608208882537336,21.0384,2.44922924444126,25.9399,1
002501,吉林利源精制股份有限公司,2018-12-31,0.0988,-4.8553,3.0961,0.0445577540184598,0.038872449140112,-0.286365522938363,-815.5835,0.0609152291992389,-19.2602,1
002569,浙江步森服饰股份有限公司,2011-12-31,2.1081,140.797,1.4854,9.13211135193055,0.826387690896307,0.617560365588595,9.8758,-0.695420876936898,92.7137,1
002569,浙江步森服饰股份有限公司,2012-12-31,1.7475,21.7634,1.4439,4.88979150303426,0.738248393097932,0.307583871463783,9.0721,0.209949707588762,2.3542,1
002569,浙江步森服饰股份有限公司,2013-12-31,1.4739,3.7372,1.4747,5.35158427128353,0.723371165473227,0.100789231713361,1.8152,-9.19968030089389,1.7063,1
002569,浙江步森服饰股份有限公司,2014-12-31,1.2152,-7.3165,1.6041,3.04021928610396,0.59227612846604,-0.34565934140299,-19.3255,0.14489627707978,-9.5925,1
002569,浙江步森服饰股份有限公司,2015-12-31,1.9396,4.4215,1.3197,3.83763434610765,0.587817317010173,0.157696771015928,-6.5946,2.41959461744038,-15.8879,1
002569,浙江步森服饰股份有限公司,2016-12-31,3.5215,48.793,1.1942,7.20172751389093,0.589186928767107,0.233413680677,3.8844,2.07350148571612,-8.3664,1
002569,浙江步森服饰股份有限公司,2017-12-31,1.5646,-37.8242,1.45,7.16916951911337,0.482659807560642,-0.161488806561571,-9.8766,0.294886043975999,13.5809,1
002586,浙江省围海建设集团股份有限公司,2011-12-31,1.4057,9.7109,2.1287,25.8561767261313,0.745242618985128,0.265743847668705,7.7227,-0.391111255225037,110.1912,1
002586,浙江省围海建设集团股份有限公司,2012-12-31,1.1074,6.8143,2.2842,5.83691992351751,0.67180975813703,0.16334282132993,8.4126,0.38325163657773,19.3287,1
002586,浙江省围海建设集团股份有限公司,2013-12-31,1.2299,4.6676,2.6444,6.96069916335876,0.622004569563155,0.153381099399592,8.4685,0.618466289476902,25.088,1
002586,浙江省围海建设集团股份有限公司,2014-12-31,1.245,4.626,2.1177,8.61881891321597,0.536147470367072,0.123685837574949,7.8717,-0.129873385813933,31.2042,1
002586,浙江省围海建设集团股份有限公司,2015-12-31,1.1268,2.3909,2.71,9.06487027104174,0.425665377677719,0.0757322510539091,4.4892,1.48588671223862,30.3633,1
002586,浙江省围海建设集团股份有限公司,2016-12-31,0.9284,3.3515,3.2718,11.4501655717987,0.391938172986275,0.0657452618748736,5.4256,0.379215943211921,25.5384,1
002586,浙江省围海建设集团股份有限公司,2017-12-31,1.3609,5.6173,1.997,15.2469648680057,0.330072505096812,0.105695552792976,10.6661,0.363435949423541,55.4593,1
002586,浙江省围海建设集团股份有限公司,2018-12-31,1.1198,4.254,2.0103,9.47985252149792,0.318235785564677,0.0847200047517568,9.703,0.281221169207229,27.8986,1
002604,山东龙力生物科技股份有限公司,2011-12-31,3.8167,5.5355,1.2829,2.10318628482959,0.58231830448953,0.183305178708518,7.5439,2.29835727449712,80.7951,1
002604,山东龙力生物科技股份有限公司,2012-12-31,2.4493,5.5859,1.4383,1.81824188644697,0.411067376659425,0.15183337571496,7.525,1.93628767285326,16.5595,1
002604,山东龙力生物科技股份有限公司,2013-12-31,2.2439,3.1815,1.4571,1.77679981688929,0.348782440371755,0.151560628110017,8.573,3.69934640304143,4.9639,1
002604,山东龙力生物科技股份有限公司,2014-12-31,1.8357,3.5506,1.4668,1.34894798453547,0.278648947609058,0.122468886451895,5.0635,1.15119298354955,4.9164,1
002604,山东龙力生物科技股份有限公司,2015-12-31,1.2531,2.7425,1.4242,1.25596760952767,0.287854980048295,0.0565440487288219,4.8516,5.95653742815154,-0.7388,1
002604,山东龙力生物科技股份有限公司,2016-12-31,2.2743,4.5911,1.385,1.2210561197405,0.208110503049717,0.0590047876336953,12.4473,1.72873674200026,56.7174,1
002629,浙江仁智股份有限公司,2011-12-31,2.62,44.5488,1.4711,6.01582885669559,0.504810676491145,0.759089374050061,16.673,0.201322493360132,112.919,1
002629,浙江仁智股份有限公司,2013-12-31,2.4734,59.2173,1.4697,4.85540626006897,0.545014927746556,0.250831720301519,6.6903,-1.55162832187435,10.0019,1
002629,浙江仁智股份有限公司,2014-12-31,2.8537,3.7045,1.3273,3.84371539705545,0.479354789922069,0.0493381955587745,1.3419,12.3702550072808,-9.8669,1
002629,浙江仁智股份有限公司,2015-12-31,3.4539,-49.2585,1.2497,2.46412986685721,0.29612183267078,-0.461031823471187,-42.1155,0.130946145429617,-17.4853,1
002629,浙江仁智股份有限公司,2016-12-31,6.1831,27.9181,1.1233,4.21038003891611,0.409017945835658,0.109764494877153,-7.9834,3.97691898470733,-6.9015,1
002629,浙江仁智股份有限公司,2017-12-31,4.6539,-16.7185,1.1738,52.3404035469344,4.19186579724384,-0.12727302185826,-0.8291,6.30169833010848,-0.0949,1
002629,浙江仁智股份有限公司,2018-12-31,0.4305,-141.7214,13.009,55.8756840944941,7.8020149558609,-3.45178306396554,-17.8132,-0.00202700346866561,-57.553,1
002642,北京荣之联科技股份有限公司,2011-12-31,3.6996,20.4721,1.2955,12.7635357588722,0.661960999913808,1.52067965594603,11.8443,0.425393563393518,184.4343,1
002642,北京荣之联科技股份有限公司,2013-12-31,1.9024,126.2434,1.3217,6.10612753538517,0.543922821881412,0.164919650649997,12.4848,0.654581475556948,81.7933,1
002642,北京荣之联科技股份有限公司,2014-12-31,2.3453,50.4132,1.25,6.35513903346533,0.466557163614979,0.138732797254144,14.2231,0.753057032637985,48.7413,1
002642,北京荣之联科技股份有限公司,2015-12-31,2.7208,37.3702,1.3027,6.33719300326907,0.331812231025257,0.132908449493103,15.9256,0.140902406911531,45.1585,1
002642,北京荣之联科技股份有限公司,2016-12-31,3.0953,22.6567,1.225,7.43485677012648,0.340882532950212,0.143171810354374,17.835,0.708633206786644,0.4434,1
002642,北京荣之联科技股份有限公司,2017-12-31,1.539,-10.9028,1.4377,3.38094210696561,0.313827088350959,-0.0727187536291354,-11.3655,-0.516309888699561,28.5883,1
002642,北京荣之联科技股份有限公司,2018-12-31,1.0988,-35.5834,1.7515,5.34155193126246,0.558598501974321,-0.796658789245222,-48.8131,0.104734715993169,-18.6726,1
002680,长生生物科技股份有限公司,2015-12-31,7.4742,310.4084,1.124,1.87701443848024,0.215320753740438,0.539122160285319,43.2367,0.638531988210618,137.0171,1
002684,广东猛狮新能源科技股份有限公司,2012-12-31,1.5563,8.0402,1.3797,5.83790007037744,0.655226705841036,0.136263259779871,9.2385,-0.582075722908935,52.7672,1
002684,广东猛狮新能源科技股份有限公司,2013-12-31,0.4888,-1.0739,1.664,0.971535440230415,0.335672911617649,-0.0133957816989319,-18.8449,1.237427299978,13.4842,1
002684,广东猛狮新能源科技股份有限公司,2014-12-31,0.4254,1.9167,1.9098,1.61232049881299,0.485853375876933,0.0370302548310901,1.2463,3.40084705265555,17.1117,1
002684,广东猛狮新能源科技股份有限公司,2015-12-31,0.5064,0.6509,1.8407,0.989440670992586,0.344274304429264,0.00449024283653561,-1.7411,133.702348192892,59.0847,1
002684,广东猛狮新能源科技股份有限公司,2016-12-31,0.9418,1.9106,3.6518,1.55916791585372,0.329551945583807,0.0510049726760324,1.8736,-4.14286789777934,285.8715,1
002684,广东猛狮新能源科技股份有限公司,2017-12-31,0.7584,0.219,3.9717,1.68968756051863,0.353842046223296,0.0223669076271285,-5.6911,7.8631799770994,78.8829,1
002692,远程电缆股份有限公司,2012-12-31,1.9354,5.1326,1.4884,10.6718100080334,1.35427518799199,0.596145220967562,6.7127,-0.435857920110209,44.1321,1
002692,远程电缆股份有限公司,2013-12-31,1.2623,7.7365,1.9929,6.8354868575247,1.08248685748981,0.314991544420217,5.8246,-0.0482357485426658,48.1194,1
002692,远程电缆股份有限公司,2014-12-31,1.1635,3.1654,1.9895,4.95830912745597,0.902947897570731,0.249348023638833,5.0962,-1.15099216242632,9.9581,1
002692,远程电缆股份有限公司,2015-12-31,1.189,3.819,2.12,5.50817043415404,0.946807764293118,0.296796738819181,5.8995,1.05584251690655,16.7446,1
002692,远程电缆股份有限公司,2016-12-31,1.3731,3.5564,1.8911,5.35107974763788,0.90222347601344,0.263139657680722,4.966,1.48473689485277,-12.9239,1
002692,远程电缆股份有限公司,2017-12-31,1.2462,2.7568,2.0789,5.41425579664006,0.826795330947488,0.202920737849553,1.0286,-1.83441544460307,10.8295,1
002692,远程电缆股份有限公司,2018-12-31,1.276,-5.201,2.6269,6.55185355354871,1.01913874108351,-0.495538724881595,1.4835,0.142205777248157,-5.3987,1
002711,欧浦智网股份有限公司,2014-12-31,2.6733,8.5404,1.4265,9.31042594795886,0.999963205748057,0.278257691864523,7.7107,0.226692790363099,74.2111,1
002711,欧浦智网股份有限公司,2015-12-31,1.0651,31.716,2.0092,6.32990180962959,0.630771225843237,0.177948377358027,12.0758,1.79067246735103,28.6857,1
002711,欧浦智网股份有限公司,2016-12-31,1.2705,13.7739,1.8905,12.0115518565377,0.989504453387069,0.301839645796983,10.9413,-0.556424158498049,11.3106,1
002711,欧浦智网股份有限公司,2017-12-31,1.1878,7.4665,2.0262,27.5946779304431,1.91789122008251,0.290659278352315,4.3723,-0.366835964057928,15.6471,1
002766,深圳市索菱实业股份有限公司,2015-12-31,1.3886,5.4773,1.5259,2.46910059267069,0.550021980816255,0.192009240069481,8.9409,1.7949327445579,34.8725,1
002766,深圳市索菱实业股份有限公司,2016-12-31,0.9812,4.5606,1.8267,2.22071192514209,0.509295797935188,0.178952634064948,7.7401,-0.682301965218135,26.9437,1
002766,深圳市索菱实业股份有限公司,2017-12-31,1.772,6.1219,1.7768,3.53299764810577,0.443681272999233,0.17019192300573,11.2973,0.660030773478137,80.9551,1
002766,深圳市索菱实业股份有限公司,2018-12-31,1.185,-1.3855,3.0096,3.58898233607018,0.353495111612367,-0.17384579459543,-25.041,3.25523488683327,-0.1531,1
002872,天圣制药集团股份有限公司,2017-12-31,1.0917,12.4701,1.551,1.79019099047681,0.457175657344476,0.11838960253863,13.6927,-0.21792886184199,45.8291,1
002872,天圣制药集团股份有限公司,2018-12-31,1.0433,4.4818,1.458,1.65628436503262,0.45716394723634,0.0602210808008621,7.5312,1.31044834519925,-5.2063,1
600385,山东金泰集团股份有限公司,2013-12-31,0.9166,5.7248,7.7773,66.7912099315939,4.81320172200058,1.74357922168156,1.8897,-1.75722958679906,340.6788,1
600634,上海富控互动娱乐股份有限公司,2011-12-31,0.8757,2.5565,1.3111,1.98798966375353,0.248495001611966,0.0636442959047695,-16.1053,8.5446297439355,-3.3583,1
600680,上海普天邮通科技股份有限公司,2018-12-31,0.2282,-2.1312,9.8564,3.41484208206283,0.136310649030722,-0.0884998389552824,-49.3762,-0.287833788645396,-8.784,1
600698,湖南天雁机械股份有限公司,2012-12-31,1.906,11.4742,1.6056,5.05587934997186,0.915108069917688,0.471827538610554,2.0455,2.75900480771098,-43.1079,1
600732,上海新梅置业股份有限公司,2016-12-31,0.7476,3.9458,1.6384,46.439647418401,0.301763988934681,0.136147208243585,19.3463,5.85993210392306,-15.4438,1
600870,厦门华侨电子股份有限公司,2012-12-31,0.7997,1.185,10.241,37.7017176522681,2.77161361506047,0.956551008643312,-1.5415,-15.6126597252151,-34.7228,1
600870,厦门华侨电子股份有限公司,2013-12-31,1.222,-8.7538,4.0141,33.1561996078729,1.47823076518116,-22.0361219528993,-36.6071,0.2396481905824,-23.9211,1
600870,厦门华侨电子股份有限公司,2014-12-31,0.8584,-73.6392,11.6455,4552.59438868044,3.85435023955133,-18.4738624404234,-35.8773,0.485096216527761,-92.7616,1
600870,厦门华侨电子股份有限公司,2017-12-31,0.8084,-7.8888,68.7426,221.217303322708,0.248215383401612,-1.04047003399472,-71.7959,2.73509806823622,33.4005,1
600870,厦门华侨电子股份有限公司,2018-12-31,1.2034,4.3202,5.7837,402.18883184329,0.423842319755468,23.4332288620201,10.7137,1.64298583333005,4.0852,1
601558,华锐风电科技(集团)股份有限公司,2012-12-31,1.2661,-5.5789,2.3287,3.04105653714482,0.140119597499851,-0.160923980183738,-18.9392,0.713394153965685,-15.8971,1
601558,华锐风电科技(集团)股份有限公司,2013-12-31,1.1511,-18.7648,2.6361,2.62654767716125,0.152454547850555,-0.942650278959436,-75.0438,0.608691243520183,-16.2401,1
601558,华锐风电科技(集团)股份有限公司,2014-12-31,1.1315,1.0109,1.9846,2.75733098878237,0.207561197349572,0.0557976206984105,-27.0597,-7.44892996067091,-25.876,1
601558,华锐风电科技(集团)股份有限公司,2018-12-31,0.8627,19.7113,4.5311,0.4058138065095,0.0910815866484369,0.0716655950658946,-57.0267,0.0309990054132663,-6.7066,1
601798,甘肃蓝科石化高新装备股份有限公司,2011-12-31,2.636,8.2496,1.5021,2.30168870845724,0.316141431853344,0.254622926317643,18.6271,-0.961613126434175,64.7988,1
601798,甘肃蓝科石化高新装备股份有限公司,2012-12-31,1.7307,6.8874,1.7065,1.48635777543969,0.2991622741627,0.171882706359447,12.7079,0.110410117008926,20.0052,1
601798,甘肃蓝科石化高新装备股份有限公司,2013-12-31,1.7506,4.0698,1.6575,1.501934252932,0.321450598386526,0.128624986109603,10.446,0.589064321449294,0.6937,1
601798,甘肃蓝科石化高新装备股份有限公司,2014-12-31,1.5741,3.8367,1.4547,1.10103734839479,0.306086818120021,0.075916732683545,6.21,1.29862272668331,-3.15,1
601798,甘肃蓝科石化高新装备股份有限公司,2015-12-31,1.6403,3.9979,1.4415,0.786421251793092,0.25809729018696,0.053901216245904,4.1474,0.653346845632183,0.8379,1
601798,甘肃蓝科石化高新装备股份有限公司,2016-12-31,1.0718,-12.5147,1.6902,0.527567505158435,0.178719629634958,-0.0947776621721679,-33.3643,-0.918943446076813,8.9692,1
601798,甘肃蓝科石化高新装备股份有限公司,2017-12-31,1.4345,-1.8374,1.7829,0.772749453163385,0.240930836102072,-0.0314029559308467,-9.4484,-0.336460380226382,0.5951,1
601798,甘肃蓝科石化高新装备股份有限公司,2018-12-31,1.3013,3.6774,1.734,0.936335491760305,0.256843024231198,0.0863397566013097,10.9557,-0.44034174642467,0.2824,1
603996,中新科技集团股份有限公司,2015-12-31,1.3839,5.8727,2.0003,20.1081452037892,1.27515690217116,0.383402407424232,3.5222,-1.56466375068224,65.7062,1
603996,中新科技集团股份有限公司,2016-12-31,1.1537,6.183,2.2223,17.7465296980882,1.35076928440651,0.393767089686925,3.2534,-1.33987016884843,14.1736,1
603996,中新科技集团股份有限公司,2017-12-31,0.9254,4.7314,3.0971,18.4941964467455,1.43607097136038,0.4064585218517,2.6435,-4.85188777425441,49.4596,1
603996,中新科技集团股份有限公司,2018-12-31,0.9619,-0.143,3.2732,12.8386051424401,1.46584656046411,0.110394248986353,-1.3867,-8.43318588345409,-0.9167,1
000820,神雾节能股份有限公司,2013-12-31,0.824,322.2139,3.1134,0.7707784897062,0.354721620282185,0.0312294139428202,1.4336,-3.20922669788609,3.855,0
000820,神雾节能股份有限公司,2014-12-31,0.8238,-0.8794,3.0005,1.05289231366328,0.443079983624101,-0.00106028953315786,-3.3612,-15.1371691150281,0.8111,0
000820,神雾节能股份有限公司,2015-12-31,1.1348,6.9041,2.647,0.940540079115806,0.348967506603253,0.0252449002071114,-0.3324,-0.0255013666938661,1.207,0
000820,神雾节能股份有限公司,2016-12-31,2.3836,22.5317,1.6491,143.608025921811,0.716828785348671,7.15011393703233,44.698,-0.312058135639882,48.9317,0
000820,神雾节能股份有限公司,2017-12-31,1.615,10.2269,3.0035,111.127269743991,0.409286497740904,3.88703169403224,18.3835,-2.50981607606771,121.7948,0
000820,神雾节能股份有限公司,2018-12-31,1.0957,-9.7616,9.776,2.61867223592206,0.00690968885565528,-18.6413514550289,-5428.8138,0.143964480899566,-30.2967,0
002711,欧浦智网股份有限公司,2013-12-31,1.1894,7.2973,1.6384,3.61681955019559,0.60535022405622,0.301756155903968,20.5085,0.930400928885039,8.322,0
600732,上海新梅置业股份有限公司,2011-12-31,0.4856,5.1273,2.0653,7.7616657181022,0.0861495144268385,0.486342420152097,49.6769,-20.6576800341056,11.8827,0
600732,上海新梅置业股份有限公司,2012-12-31,0.2605,1.5629,2.2521,6.10906497573744,0.062570813146831,0.0870792588271799,4.7524,1.62630643162911,4.5228,0
600732,上海新梅置业股份有限公司,2013-12-31,0.1923,-4.2962,1.8337,1.41460159266562,0.0191568887181229,-0.0567456972818151,-149.6141,2.97334116394301,-39.6923,0
600732,上海新梅置业股份有限公司,2014-12-31,0.134,-0.7821,1.9727,34.5205806901276,0.170954849541107,-0.0230678962161952,-21.7031,1.26685719816238,0.2307,0
600732,上海新梅置业股份有限公司,2015-12-31,0.194,-3.8701,2.1013,24.4057310471432,0.140527580283832,-0.164892288896016,-125.9374,-0.381881214752042,-17.9852,0
600634,上海富控互动娱乐股份有限公司,2010-12-31,0.0815,1.1734,1.4105,25.4593527160103,0.0694988305848208,0.0243198683539737,4.7546,0.0743292698156497,-0.6907,0
600556,广西慧金科技股份有限公司,2015-12-31,1.3889,12.3543,3.7254,219.210973978055,0.74562472363834,4.95868802840994,6.7252,-18.0316188456641,128.7503,0
600556,广西慧金科技股份有限公司,2016-12-31,1.3076,-37.6868,3.8525,13.2709048906678,0.162677924138253,-1.86660408140338,-53.1704,-0.298321206924576,131.2804,0
600634,上海富控互动娱乐股份有限公司,2012-12-31,0.996,17.8627,1.3007,1.31899193085186,0.145031469667529,0.143387051227214,-1.9306,-1.73053226880242,14.6152,0
600634,上海富控互动娱乐股份有限公司,2013-12-31,0.6794,2.2466,2.8085,2.49594873046676,0.543253521494687,0.0816955659035675,3.7722,3.24349503937205,38.6149,0
600634,上海富控互动娱乐股份有限公司,2014-12-31,0.7605,2.5008,2.7382,3.11042481675555,0.416800699438728,0.0961313698591004,5.9091,2.53482547395753,3.5844,0
600634,上海富控互动娱乐股份有限公司,2015-12-31,0.8319,2.2516,2.5523,2.194826593278,0.277140346066798,0.0993426726169745,8.3747,1.85004046784231,-1.9281,0
600634,上海富控互动娱乐股份有限公司,2016-12-31,2.1441,2.2817,1.4939,85.2393501337038,0.392911267472342,0.137795888175898,8.1003,-1.50738525593445,-10.2929,0
600634,上海富控互动娱乐股份有限公司,2017-12-31,1.7798,2.4439,2.8272,28.7489148100605,0.142809739446527,0.0949714575965703,26.2507,2.32899046732749,-5.0863,0
600680,上海普天邮通科技股份有限公司,2010-12-31,1.3189,-6.8575,1.5507,13.6116467475085,0.386603384750349,-0.0862658159534289,-11.219,0.96300815659878,-1.3797,0
600680,上海普天邮通科技股份有限公司,2011-12-31,1.1129,2.0206,1.6202,16.8407651112488,0.487507170780255,0.0393703069360423,-2.004,0.629587658357748,5.7884,0
600680,上海普天邮通科技股份有限公司,2012-12-31,1.0343,-2.6832,1.8082,18.0117228420981,0.522223919792336,-0.0520462273140401,-6.438,1.81538658233167,4.5526,0
600680,上海普天邮通科技股份有限公司,2013-12-31,0.8258,1.476,2.0167,14.5431722514694,0.649725115376579,0.0357841807526827,-1.6306,-30.3880027727062,12.5752,0
600680,上海普天邮通科技股份有限公司,2014-12-31,0.7559,1.0997,2.3488,12.557314154089,0.562561021640104,0.027507736570982,-0.5908,1632.96826061848,16.7524,0
600680,上海普天邮通科技股份有限公司,2015-12-31,0.6896,-1.4047,2.5499,10.9951224041308,0.393763035322614,-0.0398164393039198,-10.2844,1.70245442480045,-0.4483,0
600680,上海普天邮通科技股份有限公司,2016-12-31,0.7183,-10.3417,3.3417,6.96223712981786,0.260271717834266,-0.373812245007255,-68.9284,-0.0177950047746661,-13.9154,0
600680,上海普天邮通科技股份有限公司,2017-12-31,0.2652,-3.5197,5.4688,7.75800320108254,0.308203971562697,-0.160020099898989,-52.7814,0.00779827141799641,-21.4364,0
600698,湖南天雁机械股份有限公司,2010-12-31,0.3426,-6.1428,4.6056,4.34639528252244,1.23903103426322,-0.0850909869442394,-15.8989,0.413195860172443,-0.9647,0
600698,湖南天雁机械股份有限公司,2011-12-31,0.3406,-17.5345,7.8908,4.88420892260746,1.34040650166908,-0.186628631044433,-9.7313,1.334585948458,-13.26,0
600698,湖南天雁机械股份有限公司,2013-12-31,2.1164,34.8574,1.4841,3.29829025156985,0.631872613619827,0.336000402396966,8.2123,0.298139229447225,1.1637,0
600698,湖南天雁机械股份有限公司,2014-12-31,1.9258,15.5342,1.5891,3.1011955207247,0.520886877992448,0.0777594257249186,1.0251,4.53783716634428,9.32,0
600698,湖南天雁机械股份有限公司,2015-12-31,1.5499,-13.9268,1.7333,2.35969951778572,0.394073030397205,-0.13736057180092,-12.268,0.0669184602119389,1.7452,0
600698,湖南天雁机械股份有限公司,2016-12-31,1.4054,2.5795,2.0761,2.46377812855157,0.409150206743095,0.0532398541957945,0.4234,0.331074544144752,21.6207,0
600698,湖南天雁机械股份有限公司,2017-12-31,1.2757,-11.257,2.3116,2.74416876690814,0.436595302834577,-0.284181754161246,-15.1496,0.0978845476410703,-2.8074,0
600698,湖南天雁机械股份有限公司,2018-12-31,1.2471,-16.136,2.3737,2.33243018417092,0.404752742720037,-0.322050057434939,-20.012,0.134476590475558,-13.1356,0
601558,华锐风电科技(集团)股份有限公司,2010-12-31,0.7294,58.2872,5.9676,35.0109682354326,0.710032852723947,1.91205218048175,15.4157,-0.355911648302899,68.1626,0
东风汽车股份有限公司,600006,42369.0,1.0922,35.6649,2.4802,5.299005992563125,0.8346640569211741,0.04221201936076201,1.1366,1.2855331601092153,4.0057,0
郑州宇通客车股份有限公司,600066,42735.0,1.2544,124.7651,2.5699,7.900638597218706,1.0198170910308542,0.613494394867506,12.2546,0.8610530094799794,16.6384,0
郑州宇通客车股份有限公司,600066,43100.0,1.3058,13.2842,2.3174,8.341424110545029,0.9186112536773886,0.4726332607739817,10.8409,-0.5520982243641096,2.8777,0
郑州宇通客车股份有限公司,600066,43465.0,1.3578,14.5184,2.1961,8.326030721891769,0.8626818329971652,0.3251237617821952,7.7742,1.1071327533349344,1.752,0
东风电子科技股份有限公司,600081,40543.0,0.8981,15.8585,2.5671,7.563920734935041,1.3787831590455057,0.4159236125831646,10.7654,0.31257236823502293,28.7873,0
东风电子科技股份有限公司,600081,40908.0,0.8289,12.2433,2.3973,6.3454696426336765,1.2661349135737843,0.27000611570147404,7.7022,1.19687784177939,22.0155,0
东风电子科技股份有限公司,600081,41274.0,0.837,10.6272,2.0359,5.308268246424098,1.322651124179491,0.22603269613918575,7.3223,2.054119216576385,-9.2998,0
东风电子科技股份有限公司,600081,41639.0,0.8114,16.0191,2.3935,6.242798656448655,1.1691191601730673,0.2242073857266319,7.8388,0.9972542151983034,42.4164,0
东风电子科技股份有限公司,600081,42004.0,0.7975,27.6443,2.9352,5.058209551485252,1.1551441038297487,0.28763740104639224,6.2504,0.9489789984300575,60.9277,0
东风电子科技股份有限公司,600081,42369.0,0.7794,24.1189,2.8095,4.2808818614195925,1.1212488096778737,0.18540917325096554,6.2044,2.0017667368922045,1.4112,0
东风电子科技股份有限公司,600081,42735.0,0.8463,30.3707,2.8506,4.536370823468762,1.1033775379383293,0.15526418637566483,5.1525,1.6604271126068233,10.0337,0
东风电子科技股份有限公司,600081,43100.0,0.8812,35.578,3.0254,4.962786432475591,1.1233412009445227,0.1709283131928255,5.1531,2.192154499166718,14.7163,0
东风电子科技股份有限公司,600081,43465.0,0.9012,74.248,3.1146,5.269510593528292,1.1389847822507673,0.16823569197040966,5.3915,1.5151754206964285,1.1013,0
上海汽车集团股份有限公司,600104,40543.0,0.9631,93.6384,2.7993,10.966726445192224,1.3655054408387246,0.3249817859984617,8.6176,1.0937843922151644,65.6377,0
上海汽车集团股份有限公司,600104,40908.0,0.9967,1332.2804,2.3936,11.80368565420365,1.3592290762732617,0.3302265770375608,9.59,0.5775809372765345,11.7836,0
上海汽车集团股份有限公司,600104,43100.0,0.8694,1393.9396,2.659,14.735135622971558,1.1858167661384427,0.16308980147413632,6.215,0.5157700492729212,22.4853,0
上海汽车集团股份有限公司,600104,43465.0,0.952,162.7831,2.7493,12.829326446042229,1.133955539381975,0.165574619404149,5.9493,0.18542954667700676,8.1871,0
四川西部资源控股股份有限公司,600139,40543.0,2.8452,230.5734,1.2528,2.666490354631964,0.3566914712355764,0.6136013205167262,65.2779,0.19049007290422174,36.3732,0
四川西部资源控股股份有限公司,600139,41639.0,3.2813,-1.6664,1.6639,1.7502079658869765,0.1786151872759286,-0.01480116360988138,-7.9211,-1.2925298304900386,14.2556,0
四川西部资源控股股份有限公司,600139,42004.0,1.3016,2.3016,2.9571,0.8114108633272497,0.07151004970894904,0.014310171540119519,2.1584,5.540409478496047,173.0951,0
四川西部资源控股股份有限公司,600139,42369.0,1.1387,-2.0561,4.2128,2.49808941286076,0.1826507005105437,-0.03321996156916349,-10.6481,-1.1131856125861583,24.2598,0
四川西部资源控股股份有限公司,600139,42735.0,1.2565,-0.0556,3.7849,2.5813774832496406,0.14221767336787947,0.0099320099334378,38.1707,1.1486094476389765,-24.4207,0
四川西部资源控股股份有限公司,600139,43100.0,0.974,-12.6859,5.4447,0.9295266563229673,0.05814618495418852,-0.17910691377113908,-96.2515,-0.09683955599156249,-18.7423,0
四川西部资源控股股份有限公司,600139,43465.0,1.7949,1.0644,3.7821,8.524898820192496,0.05228723289115327,0.02660875386944846,12.8154,-42.64032515758622,-29.1348,0
长春一东离合器股份有限公司,600148,40543.0,0.9043,9.138,2.692,4.420528276306319,0.8788958041276662,0.24349771926480282,5.6719,0.9453417242709148,29.0927,0
长春一东离合器股份有限公司,600148,40908.0,1.024,8.8919,2.5838,4.4261672317884715,0.831848596437027,0.35997356081763937,8.1236,-0.10646703448276486,10.5487,0
长春一东离合器股份有限公司,600148,41274.0,1.0478,3.4608,2.3878,3.649079014137147,0.7261180146501716,0.13136055558833157,2.913,2.782670792421948,-8.054,0
长春一东离合器股份有限公司,600148,41639.0,1.1693,10.1361,2.2505,4.046800845738349,0.762805371298583,0.3001602871354235,6.5282,1.1007009421724243,5.4215,0
长春一东离合器股份有限公司,600148,42004.0,1.4908,17.6452,2.0498,3.7202493018109535,0.7575734508064436,0.3299246515362191,8.78,1.0438236389209974,0.8705,0
长春一东离合器股份有限公司,600148,42369.0,1.5351,5.5761,1.9937,2.764892410378849,0.6105399184516247,0.058255040816039175,1.4454,3.916106078085766,-5.2715,0
长春一东离合器股份有限公司,600148,42735.0,1.4325,24.7439,2.1566,2.6418296863922297,0.6406256187083044,0.12291156728078534,5.0256,1.8289043679388048,13.902,0
北汽福田汽车股份有限公司,600166,40543.0,0.686,41.4299,3.0567,13.07016557439379,2.170814005701249,0.22019366039343466,3.2671,0.653512456231089,39.5538,0
北汽福田汽车股份有限公司,600166,40908.0,0.5594,8.2082,3.0929,6.4686988584438625,1.8365243266548972,0.1058529944970065,1.8829,-0.4555505170197515,14.1225,0
北汽福田汽车股份有限公司,600166,41274.0,0.9404,5.3867,2.1995,5.89714527025123,1.2397742994883978,0.11854221273166324,-2.329,-0.5700662235659214,17.5224,0
北汽福田汽车股份有限公司,600166,42004.0,0.5474,3.9079,2.2318,3.453214903043731,0.9710011490155629,0.027471661738305977,-1.8748,2.4035510533679147,6.5707,0
北汽福田汽车股份有限公司,600166,42369.0,0.7022,3.7012,2.2799,3.3361852806436616,0.7952078960419801,0.01583059060526679,-2.503,1.3744777082675212,23.2164,0
北汽福田汽车股份有限公司,600166,42735.0,0.7107,4.0737,2.8276,3.78605219603544,0.863088091201413,0.016644483909587986,-1.25,2.3271206238057247,26.1046,0
北汽福田汽车股份有限公司,600166,43100.0,0.6303,1.1095,3.2778,3.9772254647684715,0.8284303734072438,0.014462894664935028,0.0106,-90.42191526323242,15.777,0
北汽福田汽车股份有限公司,600166,43465.0,0.8228,-3.6003,3.8715,4.295007512926396,0.6968916615624452,-0.12302008890343627,-9.1816,0.12851009537959013,-5.6225,0
哈尔滨东安汽车动力股份有限公司,600178,40543.0,1.5807,11.5739,1.6098,4.630723766022517,0.6364337313320747,0.08970861788581597,5.4357,1.4392723257843,-7.5805,0
哈尔滨东安汽车动力股份有限公司,600178,40908.0,1.7285,5.4579,1.5575,3.5171138821070227,0.422437073894286,0.0248235175135567,2.0612,4.838326798141147,-1.7265,0
哈尔滨东安汽车动力股份有限公司,600178,41274.0,1.8427,-13.6578,1.6095,3.0936546912821483,0.34351122579129695,-0.032166660691205703,-5.9336,-3.092370433646273,0.419,0
哈尔滨东安汽车动力股份有限公司,600178,41639.0,1.0672,-204.3404,1.7122,2.4710675700409133,0.2953898512503714,-0.2988022103641588,-64.9678,0.2824387168135145,-19.9777,0
哈尔滨东安汽车动力股份有限公司,600178,42004.0,0.9959,5.7016,1.6606,2.2689413926073936,0.25947167945586463,0.020544815730756314,2.8055,-2.697894246316792,-1.0971,0
哈尔滨东安汽车动力股份有限公司,600178,42369.0,0.8883,3.4076,1.9565,3.761754027242095,0.368663801783063,0.017255243712786285,1.4271,3.382519137405569,19.4545,0
哈尔滨东安汽车动力股份有限公司,600178,42735.0,0.8787,6.8395,2.3828,6.8138555474801725,0.5818638749305116,0.045327363777084455,2.7344,-1.3582208714651778,27.4789,0
哈尔滨东安汽车动力股份有限公司,600178,43100.0,0.7689,3.8006,2.0324,3.5642843729720664,0.4750052639612817,0.02725282712390671,2.3154,1.4549242350086247,-12.5659,0
哈尔滨东安汽车动力股份有限公司,600178,43465.0,0.6922,1.3977,1.8475,2.1657446660355126,0.3739762022383122,0.009174961219066496,0.3852,38.29467260397885,-9.3395,0
扬州亚星客车股份有限公司,600213,40543.0,0.9041,2.6184,3.6161,4.303332203479464,0.8398112985570967,0.05636180518219934,-0.1309,1.3591863409822629,6.6181,0
扬州亚星客车股份有限公司,600213,40908.0,0.8962,-31.3584,5.0711,9.711251582144339,0.8961869944055797,-0.3456392638272193,-8.9061,3.650820095006976,13.6603,0
扬州亚星客车股份有限公司,600213,41274.0,0.9678,2.718,6.3866,14.366869952719254,0.8425001892125961,0.10523133884501684,-1.9621,-15.563773348807702,30.8824,0
扬州亚星客车股份有限公司,600213,41639.0,0.8218,1.401,6.8511,6.382398448044607,0.6632999702716099,0.05746530522155671,-3.7492,-6.261772013627537,54.0926,0
扬州亚星客车股份有限公司,600213,42004.0,0.9843,-5.9753,17.8959,5.468153056891271,0.6802441294541282,-0.340203129209875,-10.8811,2.0959421255534942,18.8903,0
扬州亚星客车股份有限公司,600213,42369.0,1.042,1.5262,19.5208,7.832069144345841,0.7498840767273764,0.17901018789201326,0.7274,-11.830070956290665,24.1065,0
扬州亚星客车股份有限公司,600213,42735.0,0.9806,3.5305,22.7504,13.783272231662098,0.7308824983283784,0.5357740384235419,3.6231,-10.22702596978398,72.8668,0
扬州亚星客车股份有限公司,600213,43100.0,1.4437,2.013,18.1966,10.14961632266729,0.5062221941978587,0.4417473944092455,2.8598,-4.593286413250419,1.4787,0
扬州亚星客车股份有限公司,600213,43465.0,1.5567,1.2256,18.9876,11.055681143773562,0.4698853804704131,0.40241209262231903,0.9484,-22.87426080403365,10.9315,0
辽宁曙光汽车集团股份有限公司,600303,40543.0,0.9871,8.537,3.1062,4.546785114175194,0.9180212380099547,0.16015963530694768,5.1057,1.1963189581413523,29.5567,0
辽宁曙光汽车集团股份有限公司,600303,40908.0,0.8323,4.3374,3.0711,4.552291874655418,0.8148538614296503,0.09007401154118473,2.9335,0.903313212610509,15.2322,0
辽宁曙光汽车集团股份有限公司,600303,41274.0,0.8229,3.1111,3.0052,2.6128645657761984,0.6911700776003235,0.08776694933904855,-0.8598,1.750331815811859,5.368,0
辽宁曙光汽车集团股份有限公司,600303,41639.0,0.7165,-1.3481,3.288,2.1881674539370977,0.6378654621476166,-0.04118263842575245,-8.539,0.804428336900044,-6.1559,0
辽宁曙光汽车集团股份有限公司,600303,42004.0,0.6289,1.5123,3.3113,1.6995662815036938,0.4847578914480911,0.049573986272182013,-4.6169,8.425313572639194,10.3671,0
辽宁曙光汽车集团股份有限公司,600303,42369.0,0.781,2.3608,3.9929,1.9578513640072392,0.43882722761769904,0.05490374175733014,-0.9434,-6.827918835405354,20.6887,0
辽宁曙光汽车集团股份有限公司,600303,42735.0,0.8444,1.9027,3.139,1.270165948620156,0.40123714950840983,0.043866745134710165,1.3958,-8.707123581649338,-7.7864,0
辽宁曙光汽车集团股份有限公司,600303,43100.0,0.9775,6.2779,2.3742,1.501855571489836,0.4909891244833183,0.11732525065596967,9.1968,1.5041090163960074,-16.6945,0
辽宁曙光汽车集团股份有限公司,600303,43465.0,0.8815,-1.0686,2.1075,1.2152318134269786,0.45550393016657226,-0.007817543630741556,-3.2926,0.15942584322884903,-17.5113,0
华菱星马汽车(集团)股份有限公司,600375,40543.0,0.7709,55.0449,2.5103,10.645690335864176,1.9360745049821069,0.7470977504920082,7.8373,1.1683051297686071,18.1172,0
华菱星马汽车(集团)股份有限公司,600375,40908.0,0.7537,23.4799,2.2049,5.400206913325263,1.1552315424130726,0.2936691441625373,8.1813,0.540099627274152,-5.409,0
华菱星马汽车(集团)股份有限公司,600375,41274.0,0.6369,5.7001,2.5426,2.056990410640011,0.6471036165210546,0.07789653963376249,2.0862,4.543143976763862,16.5768,0
华菱星马汽车(集团)股份有限公司,600375,41639.0,0.8282,6.6339,1.9914,2.1578687535870222,0.7814988799915612,0.09018122720854312,3.5925,1.8670821593235434,21.3783,0
华菱星马汽车(集团)股份有限公司,600375,42004.0,0.5499,-7.217,2.4179,1.5321489793837735,0.5664414444335207,-0.07834459942883573,-9.3659,0.6280513904527913,5.0938,0
华菱星马汽车(集团)股份有限公司,600375,42369.0,0.4673,-4.9621,3.2542,1.1405776887188075,0.40348612226175995,-0.1359353051710468,-23.1922,-0.5459653236660521,-0.4788,0
华菱星马汽车(集团)股份有限公司,600375,42735.0,0.5315,1.9503,3.5356,1.347860146282526,0.4143775913467693,0.032331205563814795,-6.5013,8.883044944960314,11.2431,0
华菱星马汽车(集团)股份有限公司,600375,43100.0,0.5187,1.8375,3.7608,2.0074173747436,0.5630822401946696,0.028014626024762807,1.308,0.704816940246871,8.9322,0
华菱星马汽车(集团)股份有限公司,600375,43465.0,0.6034,1.5302,4.3255,2.2871293368941146,0.5840799520960801,0.030992850342404385,0.7266,-6.431956718659132,17.3449,0
安徽江淮汽车集团股份有限公司,600418,43465.0,0.8351,-320.4635,3.4603,3.8003194603819113,1.0547517417855374,-0.06487567162341447,-3.0292,2.4311870615703013,6.6978,0
凌云工业股份有限公司,600480,40543.0,1.4433,14.1115,1.7041,5.316280697728473,0.8221697829956394,0.5368373673022799,13.6096,0.5642483349571624,59.1636,0
凌云工业股份有限公司,600480,40908.0,1.2322,7.333,2.0874,4.629427910575874,0.8034024068640732,0.24883873021404007,8.9347,0.4845766716018111,20.0036,0
凌云工业股份有限公司,600480,41274.0,0.9983,3.464,2.3442,4.009142304911095,0.814230232832763,0.17837223358680157,5.5751,2.062419047878258,12.3978,0
凌云工业股份有限公司,600480,41639.0,0.7609,3.3477,2.4408,3.943630906194028,0.84525768318282,0.15069815165907305,4.6642,1.0317477082694617,11.1292,0
凌云工业股份有限公司,600480,42004.0,0.9394,3.4915,2.5649,4.119499666603443,0.8717328853688326,0.1637253436943273,5.1745,2.690350245563206,12.8129,0
凌云工业股份有限公司,600480,42369.0,1.165,3.5731,2.0381,3.51609513991848,0.8153791788939677,0.15347768404040768,5.1765,1.8347189729779223,18.1871,0
凌云工业股份有限公司,600480,42735.0,0.8363,5.8639,2.0796,4.072568594815735,0.8884876367066352,0.1390813051539276,5.261,1.4644471364445364,12.7117,0
凌云工业股份有限公司,600480,43100.0,0.8661,7.5076,2.2157,4.940303707240455,0.9994729784323887,0.16318019713581478,5.8808,1.3292393787105696,18.3388,0
凌云工业股份有限公司,600480,43465.0,0.9329,6.1207,2.2964,4.493181823478148,0.9230015457185314,0.1489252467303534,5.5133,0.6187539531104869,12.0047,0
航天晨光股份有限公司,600501,40543.0,0.7688,3.9922,2.8531,3.4843430376972964,0.760857816424572,0.08637309176516005,3.2613,1.1682419106673116,10.5339,0
航天晨光股份有限公司,600501,40908.0,0.7919,3.4017,3.0122,4.465714589339301,0.8709094730549483,0.10487137063660311,2.6434,-1.521249252228709,14.2876,0
航天晨光股份有限公司,600501,41274.0,0.691,1.783,3.0464,5.055864423604817,0.9873860485780699,0.07702935512012232,0.6056,1.673659855719346,2.0182,0
航天晨光股份有限公司,600501,41639.0,0.7145,1.8564,2.9381,4.800442443253178,0.9320606023149703,0.07395320295975064,0.9796,2.2090606717645986,-0.3306,0
航天晨光股份有限公司,600501,42004.0,0.76,2.6423,2.8258,3.8099495789733595,0.8818886672635144,0.11273806242575941,2.6642,1.1764795257943266,1.7333,0
航天晨光股份有限公司,600501,42369.0,1.2323,1.8845,2.0245,3.5924046518630988,0.670516312047081,0.06072465434663999,1.1259,5.919407102660281,16.5499,0
航天晨光股份有限公司,600501,42735.0,1.2239,3.8566,1.9646,3.659360159407331,0.675007973557396,0.03641378445091215,0.5948,2.2510733459481336,-1.5933,0
航天晨光股份有限公司,600501,43100.0,1.1752,3.3824,1.9539,3.1639430067847116,0.5584300024621086,0.04269161274966872,1.8462,12.553878463190676,0.0915,0
航天晨光股份有限公司,600501,43465.0,1.0402,-8.2862,1.9967,3.3014474326510226,0.5834163573176889,-0.08199364386936132,-6.0413,-0.35504269294011487,-4.4199,0
贵州贵航汽车零部件股份有限公司,600523,40543.0,1.4322,34.1252,1.5445,4.148632576801606,0.889252819365452,0.22050506855030685,7.9494,0.683240640650918,13.3459,0
贵州贵航汽车零部件股份有限公司,600523,40908.0,1.3293,25.3354,1.619,4.639646599396967,0.9222518315231676,0.2254822443507942,7.2397,0.25901523882043725,11.3557,0
贵州贵航汽车零部件股份有限公司,600523,41274.0,1.5825,14.8972,1.5923,4.431431921813847,0.9253362789154481,0.16768304675804357,5.8414,1.155602887673793,-2.0363,0
贵州贵航汽车零部件股份有限公司,600523,41639.0,1.4574,12.6306,1.7157,4.668120112223753,0.8437767721275974,0.1663726278689978,4.9299,0.06371230947074141,14.1879,0
贵州贵航汽车零部件股份有限公司,600523,42004.0,1.1641,5.9543,1.8171,4.573767428362478,0.8167080584497621,0.16884696063584456,5.16,0.5870264466613129,16.5035,0
贵州贵航汽车零部件股份有限公司,600523,42369.0,1.2948,8.0653,1.7177,4.672590157453376,0.8497724720658683,0.17905095474752408,5.7557,1.1224809312296038,0.2832,0
贵州贵航汽车零部件股份有限公司,600523,42735.0,1.3753,11.7186,1.6256,5.251649908846175,0.889099483483954,0.20434850984002584,5.7798,2.3659235848052984,0.3681,0
贵州贵航汽车零部件股份有限公司,600523,43100.0,1.7142,2780.3823,1.4863,5.461619856907701,0.9268983810680207,0.20462229930093917,6.706,1.3242219731113138,-3.2239,0
金杯汽车股份有限公司,600609,40543.0,0.7668,4.406,10.7413,11.884256648114942,0.9492988651294777,0.5655082251843453,4.2676,0.4255770067697519,2.2326,0
金杯汽车股份有限公司,600609,40908.0,0.7372,1.6991,10.1744,11.337569789920767,0.8645174769387614,0.215827447970628,2.2355,-0.9850708888155995,10.0179,0
金杯汽车股份有限公司,600609,41274.0,0.7881,1.7995,11.563,6.190882317101503,0.6953274268980316,0.1770013381321097,1.6635,2.78547754681288,34.0187,0
金杯汽车股份有限公司,600609,41639.0,0.778,1.849,10.1672,6.879330255362167,0.7526197677282652,0.17032776372586433,1.094,3.9244026445957134,4.1234,0
金杯汽车股份有限公司,600609,42004.0,0.8105,1.2703,14.0579,6.688497357055351,0.5539838310944976,0.12550943101492165,0.2759,-46.63520460013328,22.8235,0
金杯汽车股份有限公司,600609,42369.0,0.8669,2.9174,14.2606,5.169033804651711,0.4618634211894913,0.18209975379235666,2.5045,-2.4963814696910114,8.0961,0
金杯汽车股份有限公司,600609,42735.0,0.8679,1.3863,17.0406,5.002698306252829,0.42228926050332993,0.08795066094728532,-3.2646,677.4654825665926,13.2239,0
金杯汽车股份有限公司,600609,43100.0,1.2216,2.7602,6.855,9.654770918697945,0.96996409913213,0.46950779688058114,6.3766,1.4780061137674063,-47.6768,0
金杯汽车股份有限公司,600609,43465.0,1.249,7.0608,6.8944,10.73920520065175,1.07938315499415,0.25553411457714625,5.0232,6.170608919200923,-4.2952,0
厦门金龙汽车集团股份有限公司,600686,42004.0,1.0082,61.6164,4.1635,11.321768142030633,1.1628630208304127,0.20436302416489427,2.1607,0.23406726423414068,14.5496,0
厦门金龙汽车集团股份有限公司,600686,42369.0,1.1143,105.4865,4.2494,14.893799588721238,1.0572614619553777,0.34160611645236816,4.3158,0.9434165603557338,37.722,0
厦门金龙汽车集团股份有限公司,600686,42735.0,1.1439,-29.0945,5.6642,11.8220827184701,0.8665355439486396,-0.6108482582692024,-7.1952,0.9061674141909133,-0.7549,0
厦门金龙汽车集团股份有限公司,600686,43100.0,1.238,13.7194,4.7366,9.747099927205301,0.7066199280442497,0.3560667644272454,4.63,-0.7629022289370142,-0.3574,0
厦门金龙汽车集团股份有限公司,600686,43465.0,1.1826,2.9673,5.2027,10.331245494707762,0.7082697371923368,0.0684219849732248,1.0787,1.473184158855165,2.8858,0
宁波均胜电子股份有限公司,600699,40908.0,0.9151,19.3349,2.0512,3.889986694118769,1.068129903261325,0.39202006116657256,14.2548,1.1828422880418628,21.7538,0
宁波均胜电子股份有限公司,600699,41274.0,0.5646,7.2525,2.869,2.6912372057311784,1.0358925459958044,0.11865111550074678,5.6012,2.432130024320336,14.3661,0
宁波均胜电子股份有限公司,600699,41639.0,0.6785,6.9806,2.4563,2.9995348336667957,1.062281184181055,0.13990926608023554,6.2222,2.1682527544931784,11.0804,0
宁波均胜电子股份有限公司,600699,42004.0,0.7288,8.5265,2.5341,3.3388919565213317,1.1306694508670414,0.15029851872023425,5.995,2.109604910025456,8.9322,0
宁波均胜电子股份有限公司,600699,42369.0,1.0438,6.0445,2.8693,3.286015083976272,0.7084106553842144,0.15234812047919546,6.3807,1.4026549724741546,82.2818,0
宁波均胜电子股份有限公司,600699,42735.0,1.3196,2.6272,2.6893,3.3258957369525817,0.49828439947238556,0.07147465137829821,4.0948,0.9975326298907226,226.3327,0
宁波均胜电子股份有限公司,600699,43100.0,0.8744,2.8906,2.5801,4.2337407448050355,0.7525262981118783,0.07469419541571028,3.9374,2.5602667909844183,-5.0427,0
宁波均胜电子股份有限公司,600699,43465.0,0.9469,3.8294,3.2622,4.380817703541444,0.9470795049543502,0.12725137695858155,1.5229,1.3984922106504254,67.7842,0
北汽蓝谷新能源科技股份有限公司,600733,43100.0,1.0844,3.6078,1.6405,2.6085281026593994,0.0993593204258728,0.12028667328067683,12.6958,-7.65862256190664,3.6225,0
北汽蓝谷新能源科技股份有限公司,600733,43465.0,1.4273,3.4024,2.6657,3.718818860215425,0.3796431289082606,0.02334138246227074,0.8844,-24.63698463165288,51.9948,0
华域汽车系统股份有限公司,600741,42004.0,1.1506,146.4166,2.2176,10.129211871688305,1.1696829822391253,0.2670550968361532,9.1688,0.9836261416595634,15.5604,0
华域汽车系统股份有限公司,600741,42369.0,1.0835,307.6407,2.3373,8.455246634056637,1.1592947103343438,0.24238987419588207,8.0805,0.8457779771404763,24.2848,0
长春一汽富维汽车零部件股份有限公司,600742,40543.0,0.9473,79.1497,1.41,9.1066137883425,1.726536485212396,0.2989712454117376,10.2601,0.2723100025978758,56.8318,0
长春一汽富维汽车零部件股份有限公司,600742,40908.0,1.0736,74.6173,1.407,8.329400839202643,1.6924209389376799,0.22435891830019053,7.44,0.3861436877687142,15.1985,0
长春一汽富维汽车零部件股份有限公司,600742,41274.0,0.8538,56.1611,1.4277,8.088627683740883,1.6042683614751343,0.1618569694596069,6.0271,1.019880591269519,15.9959,0
长春一汽富维汽车零部件股份有限公司,600742,41639.0,0.7744,78.3116,1.5476,7.713746410688542,1.660995608866878,0.13485966056344317,4.7084,0.5663468972646462,19.1839,0
长春一汽富维汽车零部件股份有限公司,600742,42004.0,0.8954,78.2434,1.5377,7.822632131070939,1.7336273028301967,0.17002907335318962,5.6641,0.49922321802720226,14.0228,0
长春一汽富维汽车零部件股份有限公司,600742,42369.0,1.0086,69.608,1.5812,6.787602575878942,1.384122787293913,0.12746081478406834,4.9067,0.8971896642545913,9.5881,0
长春一汽富维汽车零部件股份有限公司,600742,42735.0,1.1789,443.8286,1.706,7.397928473044971,1.434516737068452,0.1567912254530969,4.6263,1.6767077454764576,17.3118,0
渤海汽车系统股份有限公司,600960,40543.0,1.0039,3.5177,2.5737,2.6612740814595326,0.8518635399891787,0.30195168616996915,9.5376,2.339060997992801,4.7741,0
渤海汽车系统股份有限公司,600960,40908.0,1.2128,3.5475,2.2537,2.894347972242772,0.9075609686344467,0.2597681473962989,6.362,2.366827625879328,-3.144,0
渤海汽车系统股份有限公司,600960,41274.0,1.03,1.9099,2.2095,2.2681299484666524,0.6909726575260122,0.13879701258717433,3.139,6.697869531582102,1.8423,0
渤海汽车系统股份有限公司,600960,41639.0,1.1716,2.3708,2.1244,2.1752866429139526,0.6110019600450918,0.17588557068301652,5.1933,3.030945417363842,2.34,0
渤海汽车系统股份有限公司,600960,42004.0,2.043,3.6115,1.4311,1.552805714028224,0.395480678915028,0.16045586124620145,4.1409,1.682699979708917,41.768,0
渤海汽车系统股份有限公司,600960,42369.0,2.3984,1.479,1.4379,1.2642788363318378,0.3414151350263192,0.03726603050456256,0.5598,12.701925906881478,0.7331,0
渤海汽车系统股份有限公司,600960,42735.0,1.6358,4.6162,1.5399,1.1715243793177865,0.26415596718751505,0.06313135274524827,12.8116,1.3999443139106273,88.2087,0
渤海汽车系统股份有限公司,600960,43100.0,1.83,9.1053,1.4399,1.5502692557944824,0.3684445453468363,0.1014242410196701,11.7174,-0.2453414321536295,1.2766,0
渤海汽车系统股份有限公司,600960,43465.0,1.611,3.7779,1.815,1.8347944384656596,0.4089734993962407,0.045760586359563815,4.1622,-0.5334968353230665,39.8282,0
重庆小康工业集团股份有限公司,601127,41274.0,0.6451,17.4957,4.4156,2.628115356678029,0.843554198440591,0.11112285392463835,4.912,1.3371716735260673,6.6301,0
重庆小康工业集团股份有限公司,601127,41639.0,0.6233,9.5009,4.116,2.554491476056785,0.8148671548170006,0.11602643724395174,5.0542,0.26946923196112266,8.5713,0
重庆小康工业集团股份有限公司,601127,42004.0,0.6702,6.3859,4.0181,2.970265892681953,0.858633204223337,0.09733654326530815,3.7272,1.1779731462258973,12.9574,0
重庆小康工业集团股份有限公司,601127,42369.0,0.7341,7.6109,3.891,3.240858932928829,0.8485171254524043,0.09302155085907778,3.3956,1.0073460804009895,13.4022,0
重庆小康工业集团股份有限公司,601127,42735.0,0.8202,29.6792,4.3371,5.244885603753551,0.8163285242652871,0.11367017402613967,4.1334,1.804303286781833,59.4671,0
重庆小康工业集团股份有限公司,601127,43100.0,0.9037,72.3856,4.0717,5.994139981129344,0.9249352090265527,0.1542285256365815,6.3177,0.9054204001784063,19.5514,0
重庆小康工业集团股份有限公司,601127,43465.0,0.7562,10.4795,3.6924,4.105673396829862,0.7619286655176067,0.06785933383380212,3.3394,2.188399212753325,12.0185,0
广州汽车集团股份有限公司,601238,40543.0,4.3208,41.5591,1.4829,3.3102656014719702,0.22855685631267122,0.3033651112301449,57.6529,-0.11370053511471949,17.2513,0
广州汽车集团股份有限公司,601238,40908.0,3.4088,130.1785,1.4713,3.352744081553641,0.24765052944542512,0.18333288655723642,28.9868,-0.06890848002241069,15.9132,0
广州汽车集团股份有限公司,601238,41274.0,2.1288,7.2641,1.5426,2.9952045046997555,0.2607039102733755,0.04117914311208891,7.3825,0.8980424761992645,10.8181,0
广州汽车集团股份有限公司,601238,41639.0,1.3536,20.6257,1.6966,2.858551219527494,0.32573511156687257,0.08973428861798309,15.9341,0.3844457409744097,17.0269,0
广州汽车集团股份有限公司,601238,42004.0,1.2009,12.4776,1.7255,2.827937817331064,0.359058444595919,0.09497736668723425,12.0481,0.37738082399367096,7.8361,0
广州汽车集团股份有限公司,601238,42369.0,1.3972,18.353,1.7031,3.699114487006951,0.43799406408886526,0.11972097043114426,13.8173,1.2682819070006441,7.6215,0
广州汽车集团股份有限公司,601238,42735.0,1.3353,21.4779,1.8308,4.485142355292947,0.6019775909927463,0.15613391488321923,13.8253,0.8732576767490587,22.2232,0
广州汽车集团股份有限公司,601238,43100.0,1.6641,53.1621,1.6986,5.854712673560862,0.5948364849620998,0.22301669593021534,16.4953,1.3950796761880648,45.6928,0
长城汽车股份有限公司,601633,43100.0,1.0822,38.0512,2.2442,3.6254993476398574,0.9090391517484592,0.1544482073685611,5.7865,-0.21348157158886075,19.7574,0
宁波拓普集团股份有限公司,601689,41274.0,0.8454,26.1218,1.5807,2.925728231209996,1.0585461263670581,0.3530859909469974,14.1544,1.2083214880170163,9.3737,0
宁波拓普集团股份有限公司,601689,41639.0,1.1042,208.0815,1.4499,3.592172833333987,1.0892052958410743,0.433477138558049,16.3862,0.9613700169597236,19.6692,0
宁波拓普集团股份有限公司,601689,42004.0,0.7348,227.2019,1.691,3.3598267166696623,1.078787729615675,0.3755998227358704,15.9869,1.1477292414565252,19.6866,0
宁波拓普集团股份有限公司,601689,42369.0,2.002,9094.1726,1.2984,2.7524544398743407,0.7281751933870597,0.29960331949981883,15.4068,0.5811237743595514,62.7838,0
宁波拓普集团股份有限公司,601689,43100.0,1.3238,261.8512,1.6536,2.6112217213788607,0.4741830873624858,0.21725827056974284,15.8797,1.254593061683876,117.0217,0
宁波拓普集团股份有限公司,601689,43465.0,1.3636,59.4202,1.5044,2.158295343351351,0.54895744574092,0.1685966639182771,14.5206,0.8014222008715115,1.5462,0
力帆实业(集团)股份有限公司,601777,40543.0,1.5701,10.3837,2.1267,4.445295549198728,0.6671066708312442,0.19046093438843778,6.3833,0.4554732297763043,73.3352,0
力帆实业(集团)股份有限公司,601777,40908.0,0.9812,12.7377,2.1737,4.346789068295173,0.7999150124056382,0.12210293835694576,3.8839,0.38211034481047484,6.3021,0
力帆实业(集团)股份有限公司,601777,41274.0,0.9561,4.3,2.754,3.373444365878515,0.6177249966168533,0.08073718712778823,3.1007,-2.0927722091140124,30.2197,0
力帆实业(集团)股份有限公司,601777,41639.0,0.8029,3.5298,2.9997,3.249290403811059,0.5730434874964558,0.09509972172101044,2.7356,-1.274500305450349,25.1181,0
力帆实业(集团)股份有限公司,601777,42004.0,0.6739,2.9562,3.8181,2.363078147238458,0.5477880460955559,0.08454635640487819,2.8848,-0.9751786272340839,18.5628,0
力帆实业(集团)股份有限公司,601777,42369.0,0.6605,2.388,3.6658,2.338199168660808,0.490931214418338,0.08457850442133054,2.6944,-4.249863059906955,21.2998,0
力帆实业(集团)股份有限公司,601777,42735.0,0.6816,1.2348,4.2988,1.928551677492071,0.3759890920491923,0.03534711343410757,0.1068,-9.715655077818843,16.216,0
力帆实业(集团)股份有限公司,601777,43100.0,0.6597,1.297,4.1183,1.8362802299313643,0.41972819697636193,0.05843522743819536,1.369,-2.1234667102029827,2.179,0
力帆实业(集团)股份有限公司,601777,43465.0,0.6256,1.241,3.6953,1.6642430562944055,0.39466275760503183,0.10743505116894048,1.8903,0.2306956369733477,-7.0472,0
常州星宇车灯股份有限公司,601799,43100.0,1.7098,101.6681,1.6045,4.649566749605639,0.6589121667280681,0.40039785979964376,13.1026,1.8625782505052486,20.2405,0
常州星宇车灯股份有限公司,601799,43465.0,1.597,518.3007,1.6589,4.902048812963013,0.7000144027521477,0.44187534479269813,14.1464,1.1224259924964466,12.2367,0
上海联明机械股份有限公司,603006,40543.0,0.8671,28.2932,1.7459,4.988373348186503,1.0082334845378416,0.5266511162243858,23.2411,1.0883975956109273,31.6644,0
上海联明机械股份有限公司,603006,40908.0,1.0626,22.7759,1.5681,4.308761925001978,0.9404512887126366,0.43447361159503706,21.6051,1.0705619783260327,18.3701,0
上海联明机械股份有限公司,603006,41274.0,1.1616,22.9705,1.4368,2.3777154010158092,0.9154950064467696,0.33820675505456876,18.8302,1.4021513535045318,12.8691,0
上海联明机械股份有限公司,603006,41639.0,0.9888,40.1909,1.4401,2.4556935156460846,0.8478180734734655,0.29986023571270654,19.5413,0.8381503088563845,22.49,0
上海联明机械股份有限公司,603006,42004.0,1.3656,35.1484,1.2915,1.964350430857223,0.7173191396684918,0.2244748814805821,16.5582,0.8014383510362487,54.0435,0
上海联明机械股份有限公司,603006,42369.0,1.4182,70.12,1.2951,2.073009565554177,0.732123937018463,0.25188033048127617,18.498,0.8010037603043615,-6.1667,0
上海联明机械股份有限公司,603006,43465.0,1.3238,11.6784,1.5787,1.9435854406276254,0.5008390108462744,0.1566682343883295,13.4958,0.8290428397321569,24.0232,0
上海北特科技股份有限公司,603009,40543.0,0.8203,15.6374,2.3507,4.4408752654135135,0.9368774718490798,0.43524212440142174,15.595,1.1493192423772622,68.4708,0
上海北特科技股份有限公司,603009,40908.0,0.6726,7.6407,2.2657,3.032297410189485,0.9594986900646343,0.3416168549331383,12.5327,-0.22660977953267505,28.9163,0
上海北特科技股份有限公司,603009,41274.0,0.5871,5.4398,2.393,2.4054619306556613,0.808390809090425,0.30548802716003504,12.3756,1.1404104456528918,36.4595,0
上海北特科技股份有限公司,603009,41639.0,0.6611,3.9842,2.5815,2.270068511735037,0.7966426714557161,0.20922005071328445,8.3081,0.9929978505032988,28.4986,0
上海北特科技股份有限公司,603009,42004.0,0.8799,4.2395,2.0422,2.2310719150920932,0.6848066701600176,0.1768966163890493,8.0873,3.4767811646814386,38.9644,0
上海北特科技股份有限公司,603009,42369.0,0.8094,3.9999,2.0804,2.1550352626562024,0.6416351287172625,0.14727201694386904,7.9316,1.412949183402414,18.8704,0
上海北特科技股份有限公司,603009,42735.0,1.9536,7.3779,1.3777,1.7113192160929311,0.45302347532259885,0.10789180402021932,8.1401,0.5057161793443915,60.4526,0
上海北特科技股份有限公司,603009,43100.0,1.2904,8.5854,1.4966,1.4654159897171737,0.4505784046388905,0.10246827060368933,8.9636,0.3265516957561529,14.6669,0
上海北特科技股份有限公司,603009,43465.0,0.7791,3.2746,1.6936,1.5696324853376677,0.42014142395343546,0.04778011062822468,4.3074,1.777002330263251,46.653,0
亚普汽车部件股份有限公司,603013,41274.0,0.659,10.3143,2.3237,3.840291186397029,1.4438499517647263,0.24169198594409422,7.0863,1.7258366813535526,10.7667,0
亚普汽车部件股份有限公司,603013,41639.0,0.6635,5.2614,2.4887,3.8432860460236213,1.4383111501690817,0.23900208372235016,5.7508,0.8919386024084978,19.2953,0
亚普汽车部件股份有限公司,603013,42735.0,0.7523,11.377,2.6108,4.063139985232503,1.2857235777944358,0.2206667890111687,6.903,1.3967994166897741,15.0385,0
亚普汽车部件股份有限公司,603013,43100.0,0.766,8.3953,2.4954,4.015227903111685,1.2972300150808591,0.18148735011339107,5.344,1.908545567623085,6.9668,0
亚普汽车部件股份有限公司,603013,43465.0,1.0643,7.2027,1.9757,3.83109812673103,1.2742290314511315,0.17262546103059695,4.9116,1.3518020170296121,11.8846,0
常熟市汽车饰件股份有限公司,603035,41274.0,0.8391,10.2639,1.7083,1.7354030513580714,0.5121609515803446,0.19587326187500745,18.0564,0.3781697941012822,8.6734,0
常熟市汽车饰件股份有限公司,603035,41639.0,0.7565,12.8759,1.7641,1.7450256632129213,0.4698686174736332,0.19099367118684354,21.6995,0.4198446898525498,13.0863,0
常熟市汽车饰件股份有限公司,603035,42004.0,0.7469,12.6456,1.6881,2.0463983293353145,0.5706930398171299,0.1975969750323656,20.1318,0.6343979639249648,5.191,0
常熟市汽车饰件股份有限公司,603035,42369.0,0.6822,12.5577,1.6321,1.8175950739966023,0.4992899137756382,0.1902983374080062,22.1649,0.8052871956802302,7.2511,0
常熟市汽车饰件股份有限公司,603035,42735.0,1.4131,14.735,1.5039,2.5009802158659444,0.459080430157406,0.17034539630035922,16.6872,0.8092204238086529,53.0223,0
常熟市汽车饰件股份有限公司,603035,43100.0,1.1862,36.547,1.4074,1.7509444514824974,0.42335799126157153,0.12847859724461405,17.4549,0.3552076037025158,1.0818,0
常熟市汽车饰件股份有限公司,603035,43465.0,0.6027,12.2697,1.8154,1.3853667033570234,0.3205883204576262,0.12634456693121385,25.6399,0.5318769463136742,44.3304,0
浙江正裕工业股份有限公司,603089,41639.0,0.9628,21.1948,1.8018,2.814816345897159,0.9400841787306852,0.29570855545895647,12.5692,1.709477693469274,3.3756,0
浙江正裕工业股份有限公司,603089,43465.0,0.8573,217.9658,1.7813,2.679591674782238,0.6781884467128777,0.14249043173917128,11.3621,0.8711996001013858,51.7584,0
上海华培动力科技股份有限公司,603121,42369.0,0.9806,38.8135,1.6546,2.277882067145741,0.7697905604957774,0.4074147317505857,23.9614,1.5027630066809283,36.5611,0
上海华培动力科技股份有限公司,603121,42735.0,2.3854,43.4069,1.2093,2.2157723272270213,0.7031988170363783,0.36963809816292864,22.4912,1.324341169115317,19.5827,0
上海华培动力科技股份有限公司,603121,43100.0,2.3429,69.2874,1.2319,2.643039326318111,0.7428548996657685,0.46319973393493735,24.555,0.6637794990405405,28.1706,0
常州腾龙汽车零部件股份有限公司,603158,41274.0,1.0984,9.8532,1.8037,4.285423868925595,1.0084937226750632,0.5845169826612224,17.1302,1.3898428570632437,8.341,0
常州腾龙汽车零部件股份有限公司,603158,41639.0,1.2558,19.3367,1.7266,4.852280791355852,0.9039576580792894,0.6184112675476547,19.2649,0.630750507032858,29.0385,0
常州腾龙汽车零部件股份有限公司,603158,42004.0,1.3018,29.6978,1.6285,5.352493426324409,0.9504661519063727,0.7046489280144536,20.2599,1.2442343271612495,17.148,0
常州腾龙汽车零部件股份有限公司,603158,43100.0,1.6297,61.7254,1.4496,2.6833742468455855,0.5934693571964658,0.2595762547997913,18.192,1.0668340485433345,22.9636,0
常州腾龙汽车零部件股份有限公司,603158,43465.0,1.593,17.8784,1.5133,2.213660011337765,0.6309926013681315,0.22928218432188743,14.5806,1.0274825059002826,5.9509,0
科华控股股份有限公司,603161,41639.0,0.6849,3.8689,3.0095,1.651884034994782,0.6556153917316563,0.21389431314881605,10.5003,0.8098599846766329,34.2467,0
科华控股股份有限公司,603161,42004.0,0.5526,6.1436,3.0099,1.918065037155887,0.7028263052587649,0.24195636322492103,13.7931,0.4526845711103036,28.2539,0
科华控股股份有限公司,603161,42369.0,1.0134,10.5248,2.0428,2.07679039729947,0.6504440240942286,0.23406677201478815,15.0888,0.2041882471105722,33.4185,0
科华控股股份有限公司,603161,42735.0,0.8658,10.0427,2.4327,1.535503757055555,0.533936815183702,0.17580498591765348,15.7251,0.5068772177747948,45.1885,0
科华控股股份有限公司,603161,43100.0,0.8622,6.09,3.1927,1.3290986598168009,0.43660650365793907,0.13070364948236143,12.9524,0.003851722706962393,52.5957,0
科华控股股份有限公司,603161,43465.0,0.9987,5.0643,2.6508,1.2490852311544132,0.41650890711868543,0.09044616654178207,8.7871,0.002193354104999699,57.3342,0
桂林福达股份有限公司,603166,40543.0,0.8282,4.8336,5.2124,3.210706524820454,0.6797867389838824,0.2751933559815572,11.9591,1.2979327508102199,36.6333,0
桂林福达股份有限公司,603166,40908.0,0.6883,5.0479,4.7727,1.4899253705917388,0.5531417864689187,0.1802313075980556,12.7398,-0.6189429957707295,29.4461,0
桂林福达股份有限公司,603166,41274.0,0.5811,3.9266,4.1738,0.9900088033093885,0.401457051535062,0.12773377350967463,10.7953,0.8108938252207365,8.7394,0
桂林福达股份有限公司,603166,41639.0,0.5543,3.5127,3.9379,0.9644006533970415,0.4473349888040791,0.13530051457371411,11.5153,1.9400036519050312,-0.1787,0
桂林福达股份有限公司,603166,42004.0,0.5658,2.519,2.8726,0.8648461556151666,0.4093149663460649,0.11572332349902607,8.13,1.3628690745360188,6.8333,0
桂林福达股份有限公司,603166,42369.0,1.1778,1.8821,1.7705,0.6191383577889076,0.26033424029157687,0.0621046753789071,1.5659,3.261493789683733,22.111,0
桂林福达股份有限公司,603166,42735.0,1.1883,5.1529,1.6948,0.6401934501201879,0.2889682923545076,0.07711689752500092,7.7038,2.4402244256602152,-1.1263,0
桂林福达股份有限公司,603166,43100.0,1.0702,7.1476,1.4988,0.8601260169940196,0.4219093256473634,0.08878135505714095,10.8348,0.06299981683447425,-10.8212,0
桂林福达股份有限公司,603166,43465.0,0.9172,5.0558,1.5216,0.9491703991236863,0.43833778005779184,0.07461985320188678,8.3662,2.8022967723080674,1.3969,0
宁波圣龙汽车动力系统股份有限公司,603178,41639.0,0.4381,3.9338,3.2874,3.3529873379463218,0.9822709867495317,0.1642218922453183,6.8051,1.2387144016857448,24.8126,0
宁波圣龙汽车动力系统股份有限公司,603178,42004.0,0.6109,5.1274,3.4124,3.440426800515346,0.9647618071151116,0.17199044354321408,7.8892,1.699007602757562,34.9858,0
宁波圣龙汽车动力系统股份有限公司,603178,42369.0,0.8031,4.5866,3.3903,2.590212820965354,0.9111041780413314,0.14465827108744223,7.0321,1.190065745616608,27.2282,0
宁波圣龙汽车动力系统股份有限公司,603178,42735.0,0.6478,5.4356,3.4682,2.268053717048608,0.8243344535475565,0.12736133005158953,7.0311,1.6109614575503763,24.1591,0
宁波圣龙汽车动力系统股份有限公司,603178,43100.0,0.8248,7.7801,2.4311,2.4114124652710727,0.7483202410190473,0.1449157560622697,8.5657,1.300434166885561,35.4283,0
宁波圣龙汽车动力系统股份有限公司,603178,43465.0,0.4944,2.5186,2.3617,1.899958666729847,0.6252673110112925,0.056823003915271716,3.4721,5.92852130490842,-0.435,0
江苏新泉汽车饰件股份有限公司,603179,41639.0,0.5724,3.8035,2.5619,2.2409199868289367,0.6917494405055944,0.16592977853167812,7.7477,0.45746983870297375,13.679,0
江苏新泉汽车饰件股份有限公司,603179,42004.0,0.5995,4.3037,2.6738,2.5046029643957906,0.6710977408647163,0.17307104623000769,7.2787,1.2207348505597673,17.0027,0
江苏新泉汽车饰件股份有限公司,603179,42369.0,0.5858,5.1999,2.6532,2.4251394726367645,0.699034070679726,0.15880718766118188,7.8167,1.5963123410037077,9.7434,0
江苏新泉汽车饰件股份有限公司,603179,42735.0,0.6139,10.633,3.3644,4.263019480807848,0.8559662027867837,0.23634672808785684,8.0712,0.9580120714805029,54.8788,0
江苏新泉汽车饰件股份有限公司,603179,43100.0,0.911,76.2184,2.3257,5.519954835187596,0.9808842791505072,0.3157056773689619,10.102,0.11218396473148906,56.0321,0
江苏新泉汽车饰件股份有限公司,603179,43465.0,1.0785,18.8711,2.4235,4.278985048391997,0.8712152978635627,0.27012769529631364,9.5949,1.7422468160379576,25.3213,0
上海保隆汽车科技股份有限公司,603179,40543.0,0.8731,8.9126,1.9162,7.473537817978105,1.3499820672779983,0.6396403047336925,12.0515,1.0036776802976282,29.3317,0
上海保隆汽车科技股份有限公司,603197,41639.0,0.8444,3.7809,2.285,3.8233248686854178,1.0132519941476836,0.24315576310918868,6.6751,0.7624061437137604,18.0119,0
上海保隆汽车科技股份有限公司,603197,42004.0,0.6998,9.0198,2.229,4.326750284335719,1.0720800095010485,0.3439035164626945,8.5354,0.7593969847663271,9.1183,0
上海保隆汽车科技股份有限公司,603197,42369.0,1.1986,11.1292,2.3227,3.930413642565495,0.9986044251433455,0.3518433238522474,10.6452,1.051077680745179,21.4259,0
上海保隆汽车科技股份有限公司,603197,42735.0,0.8809,18.2124,2.2311,4.200263630956337,1.0383469697527998,0.45952361434108596,13.5514,0.9854264090385809,16.3507,0
上海保隆汽车科技股份有限公司,603197,43100.0,1.7146,17.5713,1.6621,4.354295450901394,0.8611133924391133,0.4972208216270778,15.8296,0.9551163515555605,49.4625,0
上海保隆汽车科技股份有限公司,603197,43465.0,1.1803,12.8889,3.0508,3.5594229193219977,0.7410127329849274,0.2866053834896165,11.345,1.6078439772603081,28.7213,0
浙江仙通橡塑股份有限公司,603239,41274.0,1.1213,10.8429,1.8508,6.107036826697374,0.776247833176073,0.2913077307845587,13.2031,1.323032159538355,25.237,0
浙江仙通橡塑股份有限公司,603239,41639.0,0.9443,12.8349,2.0071,2.7747536496645804,0.7119590669260515,0.25949455326375265,14.7822,0.4354639658936015,19.518,0
浙江仙通橡塑股份有限公司,603239,42004.0,0.9671,10.9121,1.6102,1.6951868151203697,0.7228167713976268,0.3091895476751659,19.0267,2.1488943642647507,-8.1046,0
浙江仙通橡塑股份有限公司,603239,42369.0,1.0283,17.4332,1.7124,2.149918193576285,0.7753822848819162,0.4561607875000642,23.0391,0.8105573032653106,31.2976,0
浙江仙通橡塑股份有限公司,603239,42735.0,3.2577,27.18,1.2626,2.6014962846293153,0.5288722369864711,0.676482018667691,28.8887,0.7070548351590968,102.6733,0
江苏日盈电子股份有限公司,603286,41639.0,0.9045,7.0969,1.802,1.8132388427775752,0.674453625417679,0.30397092480604027,18.9624,0.6950789999638528,44.2135,0
江苏日盈电子股份有限公司,603286,42004.0,0.8847,20.7992,1.5665,1.9386100607557275,0.7243276964907136,0.2678500656229221,20.7886,1.510000194701503,8.6943,0
江苏日盈电子股份有限公司,603286,42369.0,0.7539,18.2319,1.5765,1.7580653285689463,0.6927697190245692,0.16210949093590385,12.0506,1.33217919284516,-7.9601,0
江苏日盈电子股份有限公司,603286,42735.0,0.75,13.1993,1.6254,1.3763371072695552,0.683953301670151,0.15746964635204241,12.3627,0.6504720705300835,17.8783,0
江苏日盈电子股份有限公司,603286,43100.0,1.7236,15.2992,1.3478,1.547862692131302,0.5570153263080762,0.15436351266565357,11.0595,1.0017924331658052,41.563,0
江苏日盈电子股份有限公司,603286,43465.0,1.2807,19.3504,1.4538,1.6008075641494632,0.5634763076169509,0.08383671370142985,6.9799,1.6247253229675598,10.8504,0
华懋(厦门)新材料科技股份有限公司,603306,41274.0,1.4836,53.4629,1.4571,1.657389303696158,0.64815952478188,0.31424525107691703,22.596,1.1959906095892385,21.2964,0
华懋(厦门)新材料科技股份有限公司,603306,41639.0,1.5121,84.4824,1.4658,1.9540449360217442,0.6703903064587712,0.3808406019386945,26.0641,0.950258108627502,29.0783,0
湖南机油泵股份有限公司,603319,41274.0,0.8244,2.0946,2.2391,1.8875830730998195,0.6128785012384842,0.14293969934433082,5.1068,3.1284875195796733,-5.2076,0
湖南机油泵股份有限公司,603319,41639.0,0.954,3.9155,2.2407,2.373171506179695,0.6800908052224788,0.2510754885410436,10.2018,1.828192048249713,14.7182,0
湖南机油泵股份有限公司,603319,42004.0,0.8789,4.2176,2.2055,2.24004669116164,0.64497252371577,0.22350462825163472,10.458,1.3793846590925405,10.3404,0
湖南机油泵股份有限公司,603319,42369.0,0.8564,4.5298,2.1633,1.7563055168541188,0.5942698476069379,0.15557005411013206,9.278,2.018772560449758,6.7044,0
湖南机油泵股份有限公司,603319,42735.0,1.4322,6.0405,1.6033,1.8306226166528432,0.5814123442361938,0.19820395447624276,11.3145,1.4812011737210853,22.5385,0
湖南机油泵股份有限公司,603319,43100.0,1.085,12.8709,1.6001,2.0512647787159013,0.7303053389941507,0.268413890576649,15.989,0.4145369220798357,16.2157,0
湖南机油泵股份有限公司,603319,43465.0,1.1642,9.3008,1.7992,2.0628782934412975,0.6693898774005177,0.180811042327227,12.2495,1.451625902932077,19.5312,0
广东迪生力汽配股份有限公司,603335,41639.0,0.2943,2.0788,2.1954,4.242873266307772,0.7998229224932712,0.12454453816242654,2.3298,0.966768732946861,26.4246,0
广东迪生力汽配股份有限公司,603335,42004.0,0.39,5.824,2.5071,6.94876321778414,1.050123483683518,0.22347792270078368,5.5557,2.2230782733609775,16.4698,0
广东迪生力汽配股份有限公司,603335,42369.0,0.3191,6.8426,1.8734,5.99434739779326,1.2075647623560049,0.2155429011162335,6.3263,1.5294885870129165,-13.9255,0
广东迪生力汽配股份有限公司,603335,42735.0,0.2562,8.6606,1.783,6.220928793564226,1.0445270032204679,0.21295437422716726,7.7669,0.37281342091842096,13.2502,0
广东迪生力汽配股份有限公司,603335,43100.0,1.0162,8.2249,1.4738,6.652670891444745,0.8850116131660879,0.33123419483341027,5.7305,3.6263838356268856,27.691,0
广东迪生力汽配股份有限公司,603335,43465.0,1.0874,4.389,1.3322,7.445177915341138,0.994931527050751,0.058908456391362246,2.3474,3.8734939265509265,-9.3629,0
华达汽车科技股份有限公司,603358,41274.0,0.7356,14.3513,1.9118,10.369040730738783,1.3932224300886138,0.5791459398008382,8.8161,1.02613680663459,30.2952,0
华达汽车科技股份有限公司,603358,41639.0,0.6766,34.4126,2.2021,8.354895236234855,1.4022361087242587,0.5493881765446403,11.2206,1.8436098351150092,34.8102,0
华达汽车科技股份有限公司,603358,42004.0,0.5741,45.0155,2.2504,4.838547567174157,1.1891716971325506,0.40149705905726263,11.5266,0.5518135053511138,27.2248,0
华达汽车科技股份有限公司,603358,42369.0,0.677,45.459,2.0504,4.129918484435584,1.1229126932564344,0.3691151166657519,12.3232,0.9578605207525007,12.7233,0
华达汽车科技股份有限公司,603358,42735.0,0.671,104.6003,1.9877,3.3969149401809915,1.0880039124709031,0.3538318723196017,12.3902,1.069782139704337,18.6895,0
山东金麒麟股份有限公司,603586,41639.0,1.0314,4.3489,2.8033,2.4166355530512913,0.5692104774198368,0.293160998211369,15.3798,1.6894367922571487,29.0501,0
山东金麒麟股份有限公司,603586,42004.0,0.6769,5.175,2.5461,1.478286315430351,0.5916628405476249,0.24198029262077908,13.5781,1.4140349919214368,5.5747,0
山东金麒麟股份有限公司,603586,42369.0,1.0996,6.5887,2.0587,1.6121596111585699,0.6547577761243643,0.24345049967705398,15.8531,2.113010467452186,-4.1847,0
山东金麒麟股份有限公司,603586,42735.0,0.9938,11.9729,1.8081,1.9444671350278144,0.719327224808135,0.29266985574802645,18.2322,1.2665622747121563,4.7134,0
山东金麒麟股份有限公司,603586,43100.0,3.2949,24.316,1.3299,2.1774615822096623,0.5325972089785109,0.2659580401766419,13.9015,1.4424902390089562,56.9539,0
山东金麒麟股份有限公司,603586,43465.0,2.3928,19.952,1.3371,2.034158561392132,0.4881667927738908,0.10523673361416204,8.4176,1.2012611281021692,1.8097,0
芜湖伯特利汽车安全系统股份有限公司,603596,42004.0,0.9564,64.0739,3.0006,4.482235330836219,0.8031974479545938,0.2443178454286747,7.6277,0.12456785014285864,70.3971,0
芜湖伯特利汽车安全系统股份有限公司,603596,42369.0,1.0084,41.0689,2.7589,5.401087509983649,1.0283364668701604,0.5405718734562526,13.2171,0.5529042308065133,43.607,0
芜湖伯特利汽车安全系统股份有限公司,603596,42735.0,1.2075,62.3724,2.4654,4.960772893972934,0.9849621096149563,0.6605357881301465,16.3436,0.4635664573953303,57.0274,0
芜湖伯特利汽车安全系统股份有限公司,603596,43100.0,1.2956,52.6672,2.2684,4.818696863001519,0.8757711261600282,0.5244278857881216,15.7296,0.18884671437818334,22.9841,0
芜湖伯特利汽车安全系统股份有限公司,603596,43465.0,1.8527,36.6049,1.7375,4.038922146001317,0.7246048798556579,0.4326524826597422,13.4104,1.222874110548248,30.0196,0
上海岱美汽车内饰件股份有限公司,603730,41274.0,0.8045,7.9863,1.9425,4.286219854843761,1.0234837762906444,0.4337503284106467,12.9424,1.0727737779627595,6.3699,0
上海岱美汽车内饰件股份有限公司,603730,41639.0,0.9261,8.5064,1.9624,5.165588161226781,1.0425514545316925,0.499361127374327,14.3273,1.1744877106865081,19.6992,0
上海岱美汽车内饰件股份有限公司,603730,42004.0,0.8789,16.0108,1.9424,6.0356136098258935,1.0694298547242183,0.48785957748542497,13.9386,0.9598503506656583,13.6382,0
上海岱美汽车内饰件股份有限公司,603730,42369.0,1.1911,18.2292,1.8328,4.6629340925156395,1.0385634987619483,0.5172988693371887,16.6248,1.0995942623633501,19.9057,0
上海岱美汽车内饰件股份有限公司,603730,42735.0,1.3438,29.2622,1.7009,5.105616416386536,1.0698600384462313,0.6056565737588563,19.243,0.7259909683778442,14.5633,0
上海岱美汽车内饰件股份有限公司,603730,43100.0,3.9298,66.0496,1.2317,5.695365061679153,0.8520394781536814,0.775583005385194,20.8783,0.6976478140236038,48.6121,0
上海岱美汽车内饰件股份有限公司,603730,43465.0,1.3372,35.3785,1.547,4.659693331371811,0.8315294311212487,0.28200381307339806,14.176,1.29286462424461,34.8575,0
重庆秦安机电股份有限公司,603758,41639.0,0.6739,10.1543,1.8003,1.5822753658086535,0.6872490066506592,0.29336746935504715,21.0768,1.6418600446542269,14.1782,0
重庆秦安机电股份有限公司,603758,42004.0,0.5178,10.7904,1.8834,1.5973619468384967,0.5570856403472235,0.24268732279328908,23.5708,0.77783751709675,32.9612,0
重庆秦安机电股份有限公司,603758,42369.0,0.7443,18.9258,1.5815,1.444054450819555,0.516754322667986,0.21417191339724045,24.4568,0.8984174235788963,22.5833,0
重庆秦安机电股份有限公司,603758,42735.0,0.9131,22.2936,1.4328,1.206747375442652,0.505862667317164,0.18951638613643002,21.162,1.5359499821924847,4.3099,0
重庆秦安机电股份有限公司,603758,43100.0,5.0669,429.5804,1.0799,1.2505411195978808,0.4601555302368645,0.16898360785187724,17.9532,2.546066584963375,11.9533,0
浙江中马传动股份有限公司,603767,40543.0,1.004,14.3553,2.0818,2.2445067006136004,0.8188846594794734,0.3960930740517439,20.3864,0.5964469294399766,20.7479,0
浙江中马传动股份有限公司,603767,40908.0,0.9792,10.6877,2.3079,1.9463472781048823,0.664512310587047,0.31604891607207175,16.5029,-0.5354406511247649,42.0664,0
浙江中马传动股份有限公司,603767,41274.0,0.7953,6.6203,2.2529,2.0439254208053166,0.7488757132186422,0.2799201994535866,13.5797,1.5158440292738928,23.97,0
浙江中马传动股份有限公司,603767,41639.0,0.8666,10.553,1.831,2.1485322335784156,0.829734491673759,0.32439912830618495,14.9631,1.7058599946332769,18.7616,0
浙江中马传动股份有限公司,603767,42004.0,0.8573,13.8511,1.8522,2.7192875987535126,1.0470990400169493,0.47109399808077945,18.5315,1.088206240803864,-12.4088,0
浙江中马传动股份有限公司,603767,42369.0,0.9239,9.7404,1.5102,1.6400403792406488,0.7729406814442003,0.18774534715431204,12.583,1.8104145669963374,17.1013,0
浙江中马传动股份有限公司,603767,42735.0,1.3123,19.7185,1.433,1.5998991461692516,0.688048541170375,0.19938383156975484,14.7243,1.6152844471173995,1.8291,0
浙江中马传动股份有限公司,603767,43100.0,2.9588,74.8352,1.2567,1.6509540275454835,0.4930902367416944,0.13329618075462796,10.259,2.2386487837153726,49.3803,0
合肥常青机械股份有限公司,603768,41639.0,0.5674,4.7059,2.6235,3.092290320652808,1.1094029695394771,0.3029931870423023,10.5378,-0.3260454705015205,34.269,0
合肥常青机械股份有限公司,603768,42004.0,0.4101,3.5124,2.1975,2.324360487739752,1.212516846682174,0.20973003060821674,7.5358,2.1107370277517568,-4.0066,0
合肥常青机械股份有限公司,603768,42369.0,0.5585,4.218,2.0146,2.098995130271407,0.9443767138088335,0.16188577881221017,7.881,1.3257080635957295,5.2725,0
合肥常青机械股份有限公司,603768,42735.0,0.467,8.9955,2.0553,2.308025076322092,0.9733937411752129,0.21124078369386998,11.6319,0.3674197995325612,27.351,0
合肥常青机械股份有限公司,603768,43100.0,1.5308,8.2296,1.5074,2.657926673102263,0.7670935706453001,0.1717550906480943,7.7207,-0.06082336507558116,62.9439,0
合肥常青机械股份有限公司,603768,43465.0,1.0689,4.3006,1.7234,2.684855467285183,0.6410052379279542,0.0788653125596161,4.9407,-0.199811727286518,17.0515,0
宁波高发汽车控制系统股份有限公司,603788,41274.0,1.6741,28.0727,1.5362,5.295575509404946,0.9598932696876886,0.6004616927617189,19.5511,1.05131722142805,24.0252,0
宁波高发汽车控制系统股份有限公司,603788,41639.0,1.4254,40.4595,1.6626,4.191137262938852,0.9943784705344564,0.733808333191716,19.0085,0.8363233137429915,35.9892,0
宁波高发汽车控制系统股份有限公司,603788,42004.0,1.5963,38.459,1.6446,5.265350532471347,1.0418437754230803,0.8564084452427098,19.0019,0.540439632364736,23.4476,0
成都豪能科技股份有限公司,603809,41639.0,1.6642,23.2196,1.3805,2.3625403909501035,0.7655485700930599,0.5458910640535198,24.796,0.740944315468893,9.2761,0
成都豪能科技股份有限公司,603809,42004.0,2.6646,35.8023,1.3802,2.8684218365198295,0.7697287390718469,0.5412579864600239,26.2532,0.7617467098510952,25.9964,0
成都豪能科技股份有限公司,603809,42369.0,1.738,180.9861,1.4798,2.2305610542111864,0.5883918460004103,0.2817140260406175,21.8128,0.9927557586341721,28.1934,0
成都豪能科技股份有限公司,603809,42735.0,1.7607,77.8527,1.484,1.1756745354700517,0.506585552706877,0.24330928191238324,20.5537,1.0040194354097494,24.3993,0
成都豪能科技股份有限公司,603809,43100.0,2.5983,42.8537,1.4272,1.255882617690052,0.37733384667692965,0.2230291764131328,20.9495,1.3242516744218582,75.6376,0
苏州金鸿顺汽车部件股份有限公司,603922,41639.0,0.8718,9.2295,2.1451,5.111255115439221,1.0373530457026312,0.5418841549489904,13.8256,1.053039805156213,2.9502,0
苏州金鸿顺汽车部件股份有限公司,603922,42004.0,0.7129,9.5627,2.3922,4.1265424098178825,1.0114129424336835,0.48590209279773916,13.864,1.1980212004548534,-8.4653,0
苏州金鸿顺汽车部件股份有限公司,603922,42369.0,0.652,5.2905,2.3287,4.060053690019539,0.9156887106005219,0.316447582977746,10.1909,2.1712443553699683,-0.3253,0
苏州金鸿顺汽车部件股份有限公司,603922,42735.0,0.7052,6.9929,2.1732,3.530058987008727,0.8178344323794451,0.30921227167918347,12.646,1.0119087053650468,18.1028,0
苏州金鸿顺汽车部件股份有限公司,603922,43100.0,1.3788,6.3181,1.5405,3.9720289906822406,0.6075791175799473,0.2654989026105347,9.783,-0.007469253259439108,55.7261,0
苏州金鸿顺汽车部件股份有限公司,603922,43465.0,1.5879,5.7499,1.4418,4.3776388530457,0.6519592798930933,0.15609585229511555,5.7816,0.8852058057068533,-4.3671,0
浙江铁流离合器股份有限公司,603926,41639.0,1.1653,19.2024,1.69,7.75846346085083,1.4837007575195125,0.8125922371514109,16.4644,1.4146059229102388,11.1877,0
浙江铁流离合器股份有限公司,603926,42004.0,1.0833,47.8514,1.5319,6.070048581295276,1.3839320228111265,0.6336693147592242,17.0719,1.2841590430370156,-4.3819,0
浙江铁流离合器股份有限公司,603926,42369.0,1.1848,81.0802,1.4848,5.129604610896323,1.1057329228280535,0.38098397671145057,15.7658,1.7448565234275193,15.4099,0
浙江铁流离合器股份有限公司,603926,42735.0,1.1703,120.571,1.5088,6.274837510800271,0.9523415150368485,0.4022834355174198,17.848,0.8027008459354914,23.8181,0
南京泉峰汽车精密技术股份有限公司,603982,42369.0,0.8502,5.1143,1.856,2.832196399948088,1.083419445882298,0.23298635641437687,6.9786,1.7447900333510975,10.0611,0
南京泉峰汽车精密技术股份有限公司,603982,42735.0,0.9151,7.6776,1.5544,2.066027625718759,0.8413764497737024,0.15784943590097586,9.0024,1.6076575573865552,52.2512,0
南京泉峰汽车精密技术股份有限公司,603982,43100.0,1.1575,8.6805,1.6338,1.7191354726161396,0.6768632932491131,0.12165613505245813,8.8798,0.2848566595144307,64.1018,0
南京泉峰汽车精密技术股份有限公司,603982,43465.0,0.872,4.0601,2.0447,1.4043108811657508,0.6346730967840982,0.12064398185125043,8.0475,0.20683340667406627,38.8854,0
宁波继峰汽车零部件股份有限公司,603997,42004.0,1.4087,89.5478,1.3624,2.6760062473927397,0.952173787729314,0.5011884341404056,22.8939,0.7357390076275414,28.5567,0
宁波继峰汽车零部件股份有限公司,603997,42369.0,3.6883,1061.4636,1.1654,2.4424043427444957,0.672905631517557,0.383784683167891,18.3817,0.8687284705041398,45.6932,0
